forecast_origin_timestamp_utc,row_count,pred_HGB_no_price_MAE_full_36h,pred_HGB_with_p0054n_exact_dayahead_advanced_price_MAE_full_36h,pred_ExtraTrees_no_price_MAE_full_36h,pred_ExtraTrees_with_p0054n_exact_dayahead_advanced_price_MAE_full_36h,pred_LightGBM_no_price_MAE_full_36h,pred_LightGBM_with_p0054n_exact_dayahead_advanced_price_MAE_full_36h,pred_XGBoost_no_price_MAE_full_36h,pred_XGBoost_with_p0054n_exact_dayahead_advanced_price_MAE_full_36h
2025-06-01T10:00:00Z,36,364.56691643711486,352.55238862628056,357.58127182852274,379.83175600173035,303.5540149046926,387.8889412535307,311.9114990234375,442.43120659722223
2025-06-02T10:00:00Z,36,217.4671301088226,243.14020626027664,235.1517275670575,262.773828016547,274.30409162558107,312.81227712449083,213.95094129774304,292.84532335069446
2025-06-03T10:00:00Z,36,318.0807959482288,439.72555527107454,352.8793073515489,421.90497513793053,365.6730592500427,464.4401700608952,412.45281304253473,555.8638102213541
2025-06-04T10:00:00Z,36,308.257536398856,406.63271201692646,197.52913992836054,244.12034153941062,403.37203620218776,419.36389075717125,287.8730740017361,343.9178059895833
2025-06-05T10:00:00Z,36,336.68220362979145,361.37822388601734,296.73860695974236,388.01960564709145,363.26221527274924,390.0797261940966,382.9309895833333,431.46613226996527
2025-06-06T10:00:00Z,36,274.70963855658323,297.3588303947923,265.09331691820876,306.4223110088219,266.0946520066066,326.22604388892915,280.1033664279514,312.9013943142361
2025-06-07T10:00:00Z,36,271.76262392766625,252.49535795329928,270.1051766857442,250.20697325860127,232.82525560643293,257.41341577933446,238.93756781684027,235.263916015625
2025-06-08T10:00:00Z,36,290.8243929599092,224.81815535991566,222.17591855904445,244.53269699204623,214.77374690515344,213.73396883937662,280.04583062065973,320.2845458984375
2025-06-09T10:00:00Z,36,194.45962965071686,219.05066452891091,208.49434494817575,278.8455005868977,201.53768481131476,229.60450992242755,238.77440049913196,356.6818576388889
2025-06-10T10:00:00Z,36,155.99214943653737,217.14775567343952,187.76000480695734,262.6543100463449,198.45469578220866,203.38324743506303,219.47536892361111,229.997314453125
2025-06-11T10:00:00Z,36,135.62788405346063,244.88096759361815,225.3355852892616,297.85614768023635,329.4371124087442,386.9622301220659,187.23025173611111,257.4963785807292
2025-06-12T10:00:00Z,36,317.70814660770986,360.6875611308569,293.2420674451471,269.2570326540638,302.4526982712691,348.0917522423816,384.95728895399304,430.51109483506946
2025-06-13T10:00:00Z,36,289.19854628250766,233.55359144452737,444.50328614242767,420.7581307705505,333.3062009085726,250.68183336582115,238.52491590711804,259.8560791015625
2025-06-14T10:00:00Z,36,379.76005613562876,427.9036136949832,486.7262061059203,465.9771125650642,491.84107678240656,418.8259949822875,433.49171278211804,426.41163465711804
2025-06-15T10:00:00Z,36,296.5161248929866,324.9259299087889,365.5669384167361,355.08319712637996,323.04501043670876,362.56196965426085,306.0840793185764,417.2860107421875
2025-06-16T10:00:00Z,36,223.3309868007983,275.17861519763545,246.64171713082013,335.70322315745796,225.8802069549341,305.2825184465138,275.5372043185764,456.9350992838542
2025-06-17T10:00:00Z,36,133.54147777166662,232.3973452006891,173.05508275974793,254.4125562662802,162.46059168432845,286.881401750888,228.63202582465277,439.03770616319446
2025-06-18T10:00:00Z,36,239.9559674062903,301.726128923191,260.7845482805083,319.96997905719286,243.513876855663,307.3439177658497,304.5227864583333,406.02845594618054
2025-06-19T10:00:00Z,36,705.9348995547211,714.9774620919591,724.3399311495644,726.1180550073962,702.1719341677968,695.9181180556528,690.5064290364584,664.9780951605903
2025-06-20T10:00:00Z,36,797.2367857873808,783.2085530484062,933.6260717187029,905.5270117291828,865.9198108853766,850.6916482554374,761.522447374132,729.4974365234375
2025-06-21T10:00:00Z,36,533.7038877602192,569.7129936938197,756.7044870747809,755.0461133552476,770.8925366017631,675.0598187063545,655.3421088324653,715.8086886935764
2025-06-22T10:00:00Z,36,297.85494819685346,325.53972674983726,364.48543719783333,456.24252760990544,432.57410890087704,407.18781566421325,346.7025960286458,437.96278211805554
2025-06-23T10:00:00Z,36,180.825179867193,210.01732136596786,233.44069894311846,249.58073069848518,266.8000534125929,263.8552138531332,267.59779188368054,265.72645399305554
2025-06-24T10:00:00Z,36,176.89222519123413,138.19412647008258,202.42384131076784,259.9128783321299,176.46150304344113,162.31077699814665,175.44793023003473,202.28474934895834
2025-06-25T10:00:00Z,36,208.27903343827555,231.87890484724988,180.81707856165744,251.07649283682485,255.1056456277732,282.48500967799123,213.64006890190973,223.40634494357639
2025-06-26T10:00:00Z,36,294.84454329680517,329.11579897693093,330.6147246844826,385.04573517253476,331.17793716821467,374.93948689851993,345.5702853732639,359.1658935546875
2025-06-27T10:00:00Z,36,407.58975274195876,377.9363479489746,382.76385091811727,416.3550808296355,291.92814311334644,322.8775261726121,419.47996690538196,367.75404188368054
2025-06-28T10:00:00Z,36,312.6354097699775,324.70230459588737,437.06971833190255,448.65526639870444,368.75280357528845,379.33534579212744,366.4215087890625,369.15062120225696
2025-06-29T10:00:00Z,36,160.93864474179816,165.13330787950773,186.6780110504904,190.60584641627793,193.52554273041986,189.02024610137445,206.58544921875,197.97428385416666
2025-06-30T10:00:00Z,36,184.69454113777724,205.3475903193167,137.6657959277519,211.8501367280094,199.32440865031413,231.56711611250486,221.3785400390625,358.0609944661458
2025-07-01T10:00:00Z,36,288.7856010615949,350.94994253228145,296.9446210643781,396.95890339258597,327.8514046971511,358.6766172248152,295.96937391493054,432.0542941623264
2025-07-02T10:00:00Z,36,347.07458163364925,356.40376792986916,353.43313268093453,430.1675296216586,393.1880274066165,405.45558612753626,352.6688503689236,363.879150390625
2025-07-03T10:00:00Z,36,314.0232090762299,322.3012727965103,323.48650631124497,280.87045433612064,271.8469762177075,257.11174831526193,354.57158745659723,337.5396321614583
2025-07-04T10:00:00Z,36,228.04617432168854,240.94035474811193,359.4624596592531,356.26437424415485,322.4655430891849,327.8399499497469,245.16901312934027,268.18592664930554
2025-07-05T10:00:00Z,36,277.2088580695386,288.3038528904787,370.0476064918526,389.9328435333781,418.35966247034503,423.9519815363786,385.2894015842014,364.0144449869792
2025-07-06T10:00:00Z,36,411.2732722349813,480.66583199932717,506.2619010907195,432.5063816802801,543.8345506546552,523.1438340087511,424.3711344401042,392.147705078125
2025-07-07T10:00:00Z,36,460.5569316313548,427.5326650515543,396.39813944264785,353.24263527186355,438.5258625243366,402.33694150480113,317.18109809027777,284.2222086588542
2025-07-08T10:00:00Z,36,476.8435308905174,336.03760826940976,430.5796983854625,378.624260352231,399.3526870970592,264.40199363301133,266.16261121961804,237.26349555121527
2025-07-09T10:00:00Z,36,547.1125058145187,547.793918639014,690.9546732532731,620.4857791439978,587.503595140761,562.8398826197731,376.3428005642361,334.63450792100696
2025-07-10T10:00:00Z,36,399.9286176561252,519.8697775989035,778.1948449642772,694.1758053247748,592.3682769087235,621.3743497854757,325.9952392578125,380.06212022569446
2025-07-11T10:00:00Z,36,478.19081435384425,521.6804794052618,609.8869772160259,599.8696773108578,675.6438471934333,656.3887567501531,480.30815972222223,501.9303385416667
2025-07-12T10:00:00Z,36,740.5976694692404,780.1679700638254,672.1305912649833,678.9572573731016,852.145024803022,841.89719392713,847.6580946180555,791.0634358723959
2025-07-13T10:00:00Z,36,1070.2045784785864,1019.6350662047521,1014.000892966671,1045.5913897866078,1151.4814539724164,1132.4092323655443,1049.177734375,986.674560546875
2025-07-14T10:00:00Z,36,1211.1562469974278,1114.643432782313,1138.359662816394,1028.0493855715877,1195.254073825622,1103.0413457049617,1071.365017361111,953.6135660807291
2025-07-15T10:00:00Z,36,1218.2000791856226,1179.2333805600401,1203.4109734782533,1106.3722183295104,1230.4568013756268,1198.3668745591515,1083.7734510633682,1036.46923828125
2025-07-16T10:00:00Z,36,840.0860274797861,759.6248441536779,980.0203928964971,820.9419607279126,901.7423738013075,835.6961884458528,662.2446831597222,626.2202826605903
2025-07-17T10:00:00Z,36,676.3077377077196,529.0543670171311,830.3878553740061,706.9910279621186,742.0621231549095,632.1803114847548,496.54901801215277,450.3648274739583
2025-07-18T10:00:00Z,36,706.9704599250204,612.0961920756401,716.3564821985692,669.2697826890201,737.1270469943513,662.6925850020384,622.4104953342014,585.8191189236111
2025-07-19T10:00:00Z,36,659.589674524919,612.7506766052763,640.7126754946768,653.4225049758106,703.2493110109738,673.6511375619116,642.7366400824653,634.5717502170139
2025-07-20T10:00:00Z,36,835.0598694642608,775.3695138833177,790.5191069194038,782.4995730817934,857.2694197468064,788.1120104532382,782.4671902126736,708.2168511284722
2025-07-21T10:00:00Z,36,968.3408736266483,874.3107533345596,889.8560624053166,821.147595310236,951.7619005894236,888.4883982281018,856.297376844618,713.3306477864584
2025-07-22T10:00:00Z,36,1015.4323195057973,953.688532063024,952.9807061557684,905.3532200635691,949.9920515756728,947.0398325342804,867.5228135850695,786.3517116970486
2025-07-23T10:00:00Z,36,748.9745163016873,756.080261327118,861.8597446584176,785.7314563788664,780.4051511906601,794.3191623904581,667.6509060329861,585.7563069661459
2025-07-24T10:00:00Z,36,634.5610565854835,656.8723770292714,819.6529455551713,695.1987307193231,698.4448877514768,763.6885609693395,593.5546468098959,549.1546223958334
2025-07-25T10:00:00Z,36,720.6574644953226,743.7841974073965,731.7299898144952,770.1491305774998,762.4700114171732,780.6914458639723,700.7119411892361,679.0880940755209
2025-07-26T10:00:00Z,36,710.3990071734581,722.3162328485596,690.7725298370074,748.9664660731133,766.6989081335489,789.2883827805015,727.4464925130209,748.6683078342014
2025-07-27T10:00:00Z,36,926.2624744858817,916.364475718617,911.739070933869,917.8175807355775,964.2597275805975,997.0988264685404,888.9176567925347,836.2903645833334
2025-07-28T10:00:00Z,36,1199.0634395529949,1121.9816734590981,1160.2055055416972,1058.2215969850029,1197.595402033605,1155.4179618169956,1081.0766465928818,917.9909396701389
2025-07-29T10:00:00Z,36,1132.733114983483,1027.1477222840783,1086.512729302374,974.0231969490017,1034.987766534137,990.5206980039547,950.3006998697916,823.5711263020834
2025-08-01T10:00:00Z,36,832.6901415214658,966.3281059813964,902.8280035953386,937.0279416175583,1054.58647465543,1117.1311394592567,1000.730211046007,943.903564453125
2025-08-02T10:00:00Z,36,851.2709056885212,967.5730830073176,822.3266257671753,899.7660108976147,980.5602489225089,1023.6856035763966,985.7176513671875,971.6977810329861
2025-08-03T10:00:00Z,36,839.4745119469264,821.7938317298398,784.1890637274516,779.7802314229378,873.7882362782833,854.437178242763,783.528578016493,717.1559109157986
2025-08-04T10:00:00Z,36,775.6333503889174,684.1723457339564,776.6025787830997,672.6113138983193,785.0437494062098,760.7910570940678,647.8009304470486,554.6581624348959
2025-08-05T10:00:00Z,36,681.8965511721166,532.356747947645,740.9919341047743,613.3169323596046,656.879333553326,510.5410240294081,538.0697021484375,376.9640299479167
2025-08-06T10:00:00Z,36,377.2407322685026,338.9402502660253,492.8888763084464,409.95936696015,373.7309443960819,304.017944135638,374.39618598090277,327.30877007378473
2025-08-07T10:00:00Z,36,240.11859125185387,262.3242028007546,378.74216286306967,291.0669203965865,263.7584718936759,254.00850463431956,299.2607693142361,307.79966905381946
2025-08-08T10:00:00Z,36,440.85015427730883,410.17834154662876,500.0208195129056,485.8594871654069,437.9733813718901,401.350954306867,415.7884250217014,369.25530327690973
2025-08-09T10:00:00Z,36,577.1284661615377,496.581472376209,611.9223381568402,598.0689979079327,601.0153206178836,540.042906382098,567.110365125868,468.8449978298611
2025-08-10T10:00:00Z,36,316.6212292243938,304.86010581834864,384.97697068430483,349.8644077490388,409.7265923386099,323.09599932291155,357.64634874131946,300.74656846788196
2025-08-11T10:00:00Z,36,181.74661879799416,234.70432624925908,174.04803599178598,241.9043459190231,196.5571712209024,267.03494272204847,215.07623969184027,389.40565321180554
2025-08-12T10:00:00Z,36,190.0498223425709,269.9711383607339,211.8811580803877,299.440314398871,239.890666140531,283.3740855007892,269.82508680555554,399.65308973524304
2025-08-13T10:00:00Z,36,412.7580571740812,458.10668615588486,314.2415843273641,417.8478145041928,440.32808002181184,415.9718439271628,572.9750569661459,605.9997829861111
2025-08-14T10:00:00Z,36,538.0695481674293,551.9639948279491,455.60073025197994,558.5329089019237,509.9947107269262,506.5808139544991,639.1565212673611,592.6448567708334
2025-08-15T10:00:00Z,36,506.89080287528515,474.5307561180895,442.40603853059423,472.565386569175,355.20157752249827,378.03928315681554,417.3767361111111,429.08189561631946
2025-08-16T10:00:00Z,36,278.3106675472118,290.3769933839905,384.47154874399916,382.70458959947274,286.2817335761258,294.42378101471144,297.9272732204861,316.9622802734375
2025-08-17T10:00:00Z,36,263.6686997680486,284.2533493918003,277.94236150240914,318.21826704616046,256.3816765825536,304.3554812035911,264.87852647569446,355.8317464192708
2025-08-19T10:00:00Z,36,171.54786669776286,172.6451252812579,202.10414265818275,253.07836236820341,221.0963071654023,215.8263968589776,198.92148166232639,250.85698784722223
2025-08-20T10:00:00Z,36,336.8685799846386,362.2428976867552,198.87360717065076,271.49183773130375,340.8421770420475,317.23457295903063,489.40599229600696,531.2525499131945
2025-08-21T10:00:00Z,36,446.65086182291634,280.4180683175656,188.9797849535599,219.56487660772294,374.3762491331484,271.14702385944724,524.7731391059028,414.0178493923611
2025-08-22T10:00:00Z,36,132.39928429865998,147.53314342868816,170.88108747883624,221.5921136163834,248.989966348168,172.37473764465693,157.04329427083334,173.06838650173611
2025-08-23T10:00:00Z,36,357.4354105938906,346.43181110518026,287.8332020801993,271.3461488556443,312.8081080672872,298.47415863276194,308.20073784722223,279.6108805338542
2025-08-24T10:00:00Z,36,530.897041462073,511.28856822374536,365.71716547917174,411.6210149753395,449.5048472378178,511.761030781598,505.60405815972223,645.0945231119791
2025-08-25T10:00:00Z,36,282.68240657984666,292.99101260142584,236.74086873474712,312.09501565788236,391.0504790461555,425.5431982586145,275.71470811631946,268.10706922743054
2025-08-26T10:00:00Z,36,257.5876038901138,240.5818634957453,255.94412013665365,272.1813969949652,334.7050747330434,303.1675111617048,352.9088406032986,424.04998101128473
2025-08-27T10:00:00Z,36,169.39147216742995,176.51588543088167,196.27078296103983,224.70655541918356,264.8205021470134,235.01599635314182,132.65804036458334,142.89736599392361
2025-08-28T10:00:00Z,36,236.34444616916355,275.0040127342433,287.7980310582973,310.5337472922321,336.00908328321725,253.19937329779208,192.02387152777777,190.40361870659723
2025-08-29T10:00:00Z,36,253.16763381522247,429.8676272324189,310.0009910465837,421.0018666412509,295.285060809381,299.3687746288238,277.6943630642361,318.6142985026042
2025-09-01T10:00:00Z,36,170.42000059347336,191.71649066060456,226.23957900381671,240.0243528877446,220.4175865594716,232.63736355760648,158.60422092013889,163.712646484375
2025-09-02T10:00:00Z,36,157.03013345231588,173.53780464499764,272.16501234062605,235.0217373678987,276.2153201467692,264.3816968129087,167.79094780815973,176.11527506510416
2025-09-03T10:00:00Z,36,205.61554243935808,264.159906485878,309.0246051316667,291.2522319025863,353.3841239299987,323.01497128550153,235.34482150607639,254.72622341579861
2025-09-04T10:00:00Z,36,362.08378092510634,361.6394065065858,289.3426938395109,304.2272792982061,352.1523693290697,339.01986231863765,477.2789713541667,448.1170247395833
2025-09-05T10:00:00Z,36,367.7605452463896,407.69517608944665,329.70485998055534,398.2738480408628,325.31552784640945,341.13993515918384,323.5030517578125,354.37848578559027
2025-09-06T10:00:00Z,36,192.0996987124483,196.302382963351,318.76282779741837,293.56720012567104,213.83848860326853,206.50156268598906,265.20476616753473,206.57383897569446
2025-09-07T10:00:00Z,36,244.17461984511647,217.64737418891974,266.3409269262979,269.34265976088454,231.87243222314495,219.5957549602391,302.2730305989583,307.26414659288196
2025-09-08T10:00:00Z,36,152.35361099528768,197.8546738482066,200.75044304332675,232.3726595268439,243.32410003192015,257.22717563713843,182.07902018229166,186.05947536892361
2025-09-09T10:00:00Z,36,157.17687723270598,219.83268824241247,226.89334872187726,276.4832444337676,297.6038527495169,315.19621372400405,192.26618109809027,257.43059624565973
2025-09-10T10:00:00Z,36,216.3773324867045,240.85220530302922,340.66079314118593,322.04401021102876,421.21122961531114,400.63452206017604,238.85313585069446,303.0498453776042
2025-09-14T10:00:00Z,36,254.2488693615765,252.09379835219372,268.8571982304397,256.68314711311547,285.5399319232957,350.58123054513027,248.39397515190973,344.59125434027777
2025-09-15T10:00:00Z,36,221.83998472662805,224.84609216373556,241.81844735853988,240.0342476274548,286.2137965811478,283.3748502504187,213.69179958767361,264.07652452256946
2025-09-16T10:00:00Z,36,212.97977126336122,257.4670012548517,309.40327539499896,295.55634304288543,243.000089230402,218.67914352552452,206.79714626736111,232.07644314236111
2025-09-17T10:00:00Z,36,194.25128585906918,199.2459218215936,217.12108248832823,218.17283414069817,290.3925489216698,236.9916202845436,219.73832194010416,208.54945203993054
2025-09-19T10:00:00Z,36,391.6892102427849,376.5266841277653,410.9489250272684,472.28165593617774,337.21786490669666,310.84683927912573,360.1435818142361,365.94590928819446
2025-09-20T10:00:00Z,36,439.9786487303881,431.3187917277159,511.626538832963,517.3127068100922,440.7982829522085,426.47232536379255,422.7037082248264,434.9463840060764
2025-09-21T10:00:00Z,36,436.9003895444374,368.48862323745,353.22728451461234,320.3212733620791,371.31807043310687,338.41830237884415,384.444091796875,423.6814914279514
2025-09-22T10:00:00Z,36,466.4457412849776,570.8622346387954,346.4918573057179,330.9760387044793,416.38243508774985,509.9101563706169,406.7042507595486,458.0112033420139
2025-09-23T10:00:00Z,36,560.773521535623,694.7586939016037,327.5310378816569,387.5757834772565,610.8635515023593,694.229823612953,492.1945529513889,575.6813151041666
2025-09-24T10:00:00Z,36,464.87836706787743,665.3853125986109,256.26066612763987,277.53075972462227,498.8748048284211,563.9280282795723,411.97991265190973,524.0855984157986
2025-09-25T10:00:00Z,36,327.8687873230664,439.9822146481363,231.69629053834075,202.86412721161093,361.68426833335525,353.38358646277004,228.7249755859375,250.37528483072916
2025-09-26T10:00:00Z,36,158.02498492188283,165.51921102450345,201.99507363407807,283.9248776967262,180.88423048310193,175.00861977502692,197.20552571614584,155.06305609809027
2025-09-27T10:00:00Z,36,305.2761239515821,272.30032210980426,286.017493005751,257.93122090914846,246.86739048858232,298.36084967705636,250.25910101996527,276.7097574869792
2025-09-28T10:00:00Z,36,468.8246503359594,372.0740316732371,334.4999412199957,332.55959279690916,402.55032876665155,421.67768044431483,437.74871148003473,459.08100043402777
2025-09-29T10:00:00Z,36,564.2111749249824,580.6684222174327,323.55818272014784,376.2859840363869,454.2895780546791,472.5155329515238,529.5083821614584,482.8760579427083
2025-09-30T10:00:00Z,36,318.13483756416343,383.43114694045005,405.6238460791813,429.7676110599893,563.4273705750181,550.4309734035136,306.7713623046875,403.3063151041667
2025-10-01T10:00:00Z,36,227.61962081031047,304.8883416344823,285.22354502621914,239.67951938735303,450.89587286851145,465.9714531273156,238.28952365451389,320.4764811197917
2025-10-02T10:00:00Z,36,311.12886387311585,370.9780356114663,376.0729484250785,362.18508686441356,321.0628447792903,315.6480304542036,274.7132839626736,310.98151312934027
2025-10-03T10:00:00Z,36,505.76846693195614,401.58123498731834,617.5332141832357,566.5216433604978,479.2983043295436,474.7921398147753,525.2406684027778,459.6092529296875
2025-10-04T10:00:00Z,36,603.2973013379061,496.8124092396459,682.8929151999799,613.646049319979,543.1470853138185,547.005322956945,563.0758056640625,630.7373860677084
2025-10-05T10:00:00Z,36,602.1990787418249,516.9987793009919,519.1551978350004,534.4819607227474,534.7833220184693,488.36319658516226,485.65223524305554,457.6725124782986
2025-10-08T10:00:00Z,36,495.7593535973096,585.0636337906195,286.11889161507645,245.67394002550634,548.4536361303049,379.25355988973973,435.52992078993054,431.87590874565973
2025-10-09T10:00:00Z,36,424.82000613956774,494.74487862844825,242.7379233660284,232.47292845896715,470.9956546996248,346.5852387794725,267.47797309027777,321.0974934895833
2025-10-11T10:00:00Z,36,612.5395886252579,614.608116483972,470.1617698016194,433.84704979406445,533.8132413571407,533.496784141666,503.8715549045139,571.586927625868
2025-10-12T10:00:00Z,36,982.5583788525424,926.0925463175073,796.8794496218787,761.3667793809504,873.8643556775195,912.2932336407238,1059.0285237630208,1054.4410129123264
2025-10-13T10:00:00Z,36,226.9295146748616,223.34765704470172,263.95749822980247,190.0867532035892,178.4713748141844,247.2976362838451,176.18185763888889,216.11300998263889
2025-10-14T10:00:00Z,36,459.9373527678724,508.24167242016097,319.43570651270875,328.8782418793309,302.6858028858284,387.70701991997976,413.45427788628473,404.02406141493054
2025-10-15T10:00:00Z,36,772.3822965333705,756.1320170748048,348.77319618537155,334.22821449637036,669.837097332124,540.6697062415898,543.1944037543403,608.9003092447916
2025-10-16T10:00:00Z,36,1089.3894040194664,1108.6310197362322,717.061939229324,650.863090655625,869.8889914702175,810.8259055126097,916.7530381944445,979.920179578993
2025-10-17T10:00:00Z,36,330.73726884046096,403.90977552773995,345.7174694252937,359.9457707827005,392.9855619917937,382.6154508144425,458.6700032552083,457.09998914930554
2025-10-18T10:00:00Z,36,363.7768984336404,358.79494316828726,533.1001716492616,345.7315930515803,335.94453451837785,217.43720440009,462.86705186631946,468.0630154079861
2025-10-19T10:00:00Z,36,823.9093253943704,778.4811541453206,815.837288348484,844.1501300334544,853.9751684208503,854.3052657929204,773.7783745659722,772.0065646701389
2025-10-20T10:00:00Z,36,1126.4188650072003,1120.1318696981377,1078.728535077434,1074.336988081578,1060.221786833884,1090.1446440993702,1195.4224446614583,1212.1378851996528
2025-10-21T10:00:00Z,36,774.9587712183124,814.5839230885972,716.9147604375339,647.1040097787999,830.4302817147301,758.6235530065871,642.7315945095486,670.4187554253472
2025-10-22T10:00:00Z,36,406.36513028357825,382.8446065069177,432.65631393623755,381.8299825794026,614.3622509981271,577.0813517746171,371.0259738498264,416.8433024088542
2025-10-23T10:00:00Z,36,233.50604484612,245.17104632177268,463.0051459295469,387.4835284453642,484.7878722683872,407.50552383734396,286.1658935546875,274.4517550998264
2025-10-24T10:00:00Z,36,246.1208420408304,290.61096674920014,515.1812806813634,494.97306139505287,417.3331722633849,400.68045638349867,271.044189453125,308.2744954427083
2025-10-25T10:00:00Z,36,610.496414138844,505.3535288552911,695.2312624728252,590.0747756243231,522.8347346795248,430.17468379899805,522.311537000868,568.8338894314236
2025-10-26T11:00:00Z,36,913.0861670346317,839.2640675743753,854.4621285710166,740.1116475687724,736.6199883406966,671.9983674555575,779.5618082682291,820.3738199869791
2025-10-27T11:00:00Z,36,582.6583001921958,526.8171911519377,492.6859459573356,483.06426803113635,569.8074484867127,601.017555749602,431.5323893229167,556.1299641927084
2025-10-28T11:00:00Z,36,712.439305238241,753.6685002396323,574.4647665605994,635.2170950833885,530.056401045748,687.006086357909,583.6005859375,714.8929578993055
2025-10-29T11:00:00Z,36,717.8736797277312,713.4521567469542,520.0879143487571,565.3278381434852,610.5756492752394,710.3035082249248,694.5580647786459,660.1408148871528
2025-10-30T11:00:00Z,36,661.0349581792902,720.1877517143997,696.2358512495889,698.7967725383867,727.2554395738326,744.5084460283296,720.9878472222222,714.8238661024305
2025-10-31T11:00:00Z,36,430.6859424662988,474.8795334737893,447.26756927555766,400.1647606447371,488.93140057143944,502.5076592440637,403.9526095920139,387.73969184027777
2025-11-01T11:00:00Z,36,315.5404186260201,295.1493829543288,524.4373568043723,418.33966431780595,324.6469843922407,318.6663680156887,519.1702338324653,560.4110649956597
2025-11-02T11:00:00Z,36,989.8832666169924,784.719180367621,918.1415990240961,755.7047189806874,836.9993859702952,715.7863778521173,915.0785183376736,800.4320203993055
2025-11-03T11:00:00Z,36,382.0526929914315,398.03915894432976,449.242680156761,369.22506541081714,383.81810969424464,408.4721611902724,408.6977267795139,457.204345703125
2025-11-04T11:00:00Z,36,351.28124494877085,366.46633862162383,501.30527032953836,419.3702350521928,445.268298012873,401.61931888117965,400.2342258029514,406.9575466579861
2025-11-05T11:00:00Z,36,776.5718418745761,830.4145081666097,567.4186448790746,551.7097481468462,589.58361555956,539.8730218032484,629.936754014757,725.640882703993
2025-11-06T11:00:00Z,36,736.5249646582296,727.3624121447135,453.15658103392536,446.88038685954433,512.368754590945,493.4069673804301,521.6785481770834,635.3832600911459
2025-11-07T11:00:00Z,36,859.0626070713915,781.0359124240226,623.2827831599003,543.0383319141422,659.3439153921512,586.4013490664571,632.0920003255209,650.3370225694445
2025-11-08T11:00:00Z,36,831.4718218219551,660.6734274490295,806.2863115254963,613.3063263422754,682.7393821740128,596.8589458621433,662.3591037326389,619.2541910807291
2025-11-09T11:00:00Z,36,978.0981924841484,862.1121796775492,907.240892969809,801.9331373256487,727.239059633273,686.8635429136453,916.2964274088541,813.5292697482639
2025-11-10T11:00:00Z,36,692.45623484618,776.2352869131024,674.5073855157173,625.257222741654,585.6039140204454,638.7427125026511,676.6924641927084,696.605224609375
2025-11-11T11:00:00Z,36,641.5805086064171,652.9118718796822,624.8112892868178,527.1261041778754,597.0288970842407,647.0321516128631,659.1754828559028,663.8365342881945
2025-11-12T11:00:00Z,36,664.2686513888306,658.9928935923001,724.3357068960524,616.7662641949495,636.9042097488193,636.7788977515849,681.7795817057291,671.5643717447916
2025-11-13T11:00:00Z,36,1238.9249481255736,1205.0889634323871,1231.5585852924291,1133.4381822287921,1192.5175850814032,1112.4405346219905,1219.886962890625,1315.6038953993057
2025-11-14T11:00:00Z,36,375.9190235970096,438.3153289096616,466.46067350387926,349.21810121634184,505.86613642821044,454.82253733035793,375.8218587239583,320.23578559027777
2025-11-15T11:00:00Z,36,542.6597529225735,597.8761248179815,784.4297977896574,632.885451678809,589.4908421215579,651.69790478005,570.3453776041666,570.7576226128472
2025-11-16T11:00:00Z,36,988.4617951316413,1383.2034980822218,1644.7947797478555,1383.9721098228367,969.1993748253626,1259.1640084744295,1256.98095703125,1026.5078667534722
2025-11-17T11:00:00Z,36,1475.9359786963646,1668.1866622801804,1249.2657482388158,1196.0233029851674,1553.9986653553651,1692.9888835744584,1466.1168891059028,1269.9046223958333
2025-11-18T11:00:00Z,36,1739.5125243942584,1844.9991008594095,1427.0498797973914,1394.2528120023835,1749.3519635484677,1877.1944527068397,1794.1846245659722,1683.9124348958333
2025-11-19T11:00:00Z,36,1751.878906162306,1913.164529202598,1533.4088069038578,1464.7395520134874,1722.7649265796133,1896.3507107618223,1906.340359157986,1779.8570149739583
2025-11-20T11:00:00Z,36,1515.953329570588,1782.237277502259,1515.267081583115,1445.7582552084402,1762.974177699812,1812.861429087161,1889.42822265625,1657.468478732639
2025-11-21T11:00:00Z,36,1051.6206762554355,1151.5345829976036,940.0324305555581,723.0721344015201,1175.6059050889526,1119.968072571826,1107.385715060764,977.0180392795139
2025-11-22T11:00:00Z,36,545.2353716483065,565.9320494761365,692.3148594199873,524.0334783769036,546.389839526975,598.8332085518538,598.5843370225695,525.3634711371528
2025-11-23T11:00:00Z,36,964.481010897623,1293.220604378544,1355.2693683373209,1236.0383034624433,989.1126285547265,1133.0130760010188,1177.1023491753472,940.1122233072916
2025-11-24T11:00:00Z,36,1316.2174854216778,1589.6857545055375,1075.5640031581947,1034.9593946190153,1286.3310732145014,1407.0920824620669,1329.2108289930557,1123.0059950086807
2025-11-25T11:00:00Z,36,1702.371438767189,1916.6290976385596,1388.5760669179099,1244.7680822897964,1708.624235045815,1746.9312821674414,1669.1708170572917,1400.025906032986
2025-11-26T11:00:00Z,36,1072.6638830176332,1361.2050944676237,1157.7889912402431,1036.2291771320254,1388.3458579829557,1532.0161726057204,1460.3049858940972,1162.6088324652778
2025-11-27T11:00:00Z,36,629.4319560469781,851.5288822550176,728.148423064418,570.7842050708301,875.1878939255536,895.7794403388151,700.3183051215278,726.8361273871528
2025-11-28T11:00:00Z,36,614.681170969039,590.8492148456314,535.392814718717,404.12340636195535,665.6841494993009,551.135634345474,523.7409939236111,433.96204969618054
2025-11-29T11:00:00Z,36,742.2137099589602,731.0415969868978,1078.8438569675777,785.7026849674241,665.6373240206431,604.458852727053,988.8071831597222,921.6698676215278
2025-11-30T11:00:00Z,36,626.2582365312795,872.5565511040786,1032.8638371954685,838.3796614796395,638.4675786128361,678.3125153272571,718.8859049479166,720.9264051649305
2025-12-01T11:00:00Z,36,791.4958001947338,986.4672074085497,807.0595727240849,666.1559333850312,735.6567292699713,821.6040075817712,760.799949363426,863.929099754051
2025-12-02T11:00:00Z,36,810.9716884187599,970.0001926273534,839.9726381437465,718.3707846639422,821.4246602420039,889.530328070474,786.406638816551,774.0222529658565
2025-12-03T11:00:00Z,36,591.3861241908425,784.4508367366855,770.4425076972057,680.0826661528668,800.9926155659828,897.9651912129892,748.0050726996528,712.0622829861111
2025-12-04T11:00:00Z,36,505.94790295721174,711.3995692486504,693.7250053470175,616.2529952321464,669.2270717347636,797.093327550478,689.1528591579861,672.6432291666666
2025-12-05T11:00:00Z,36,559.3892232913321,616.8900689359829,647.2348221741387,575.29246769928,551.799315899909,547.3678831539223,688.3080421730324,587.9320927372685
2025-12-06T11:00:00Z,36,524.5667218475968,474.38162501029973,845.3526131751478,634.4095257443164,512.5021371084727,518.6368296874493,603.3416612413195,458.339111328125
2025-12-07T11:00:00Z,36,653.7739824959923,799.7788024087181,1037.7860248599136,881.2926630144948,706.0110267050105,757.4438523874405,902.3722873263889,720.0615234375
2025-12-08T11:00:00Z,36,632.1510412582513,741.8473126933433,661.091166743494,602.4464757416386,647.8196478752767,680.5781164487073,785.4808485243055,679.4125162760416
2025-12-09T11:00:00Z,36,611.327363567681,778.5303162357677,672.7456131467133,643.6912475756503,655.083280686124,687.9318706632364,756.9663899739584,762.2522243923611
2025-12-10T11:00:00Z,36,831.9094297603312,1164.8998464360873,827.4223010738385,783.7989216579017,900.6696537919642,1000.1085714562919,997.2878689236111,1021.3363444010416
2025-12-11T11:00:00Z,36,817.6268012602698,1063.906666943306,876.7092671943526,775.8256568431059,962.4536471766052,1052.9536554731187,1070.5380045572917,1055.7904459635417
2025-12-12T11:00:00Z,36,577.3758414373835,640.1500768519829,626.0743950378301,561.1705853065791,688.8188161270687,758.9210251767722,614.8815827546296,577.3090187355324
2025-12-13T11:00:00Z,36,643.6554957582903,724.9167045234603,818.7529571936975,721.5270019456697,580.0537037124893,696.9643276981752,676.9925039785879,747.3172923900462
2025-12-14T11:00:00Z,36,737.8043016626909,991.8409994066102,1119.5257248508512,1006.1056831007635,759.81944394066,832.075215604361,882.8876681857639,911.9337565104166
2025-12-15T11:00:00Z,36,682.2784712026878,861.0020896075862,853.6156633828282,826.1179782885044,840.6476152169657,876.5928406310095,751.0100549768517,793.2608145254629
2025-12-16T11:00:00Z,36,682.9466517003722,871.6615006206723,843.7346307208637,774.2467670130942,824.5532882644171,911.3046137198645,743.6164279513889,763.889892578125
2025-12-17T11:00:00Z,36,810.6899600387819,1056.9887032820172,892.0445020437395,887.1466237848878,827.8495755108423,974.717066678344,980.8475748697916,980.6758897569445
2025-12-18T11:00:00Z,36,592.2286101346284,788.8435909134407,612.9160892800547,599.7953691783719,708.9304882483643,982.0303410887641,537.3777940538195,656.6347384982639
2025-12-19T11:00:00Z,36,497.3728827706143,675.3017005898377,530.8687995209519,517.9546783626173,492.5455647639622,712.3096580940255,474.7611852575232,594.3549985532406
2025-12-20T11:00:00Z,36,1018.7046474589772,1123.6622414425158,1314.4856735019391,1114.5499824620265,858.3189180820305,964.5166906017863,1048.4218026620372,1191.5705928096065
2025-12-21T11:00:00Z,36,986.4365455288137,1415.7316083504315,1620.243827286823,1518.4402464694963,1096.3930075533988,1371.1165851323826,1286.2113172743057,1133.3119303385417
2025-12-22T11:00:00Z,36,1128.776705397726,1303.477270563574,1029.5306961158724,977.213015319729,1180.0957141251329,1344.1339980189186,1121.3033040364583,941.2253960503472
2025-12-23T11:00:00Z,36,588.5662314989976,788.3814276802436,778.6150348227602,702.2126790073795,783.4477520875436,944.5212956824857,774.8554054542824,523.7531919126156
2025-12-24T11:00:00Z,36,267.25348161621764,338.16037078498016,544.3705993748052,330.1602181473359,276.01062310750626,406.7708876265226,305.9971607349537,304.5753490306713
2025-12-25T11:00:00Z,36,292.8551546828609,316.8315155943769,418.13736961255677,345.7822545349441,252.1469167564291,459.5249545606791,325.96299913194446,287.58921983506946
2025-12-26T11:00:00Z,36,453.0065800844362,585.7419493701667,724.2312644213484,640.535316400634,472.17917697244167,632.793993888295,586.7597927517361,447.83873155381946
2025-12-27T11:00:00Z,36,525.4064258863174,833.8032891220114,1237.4226424247504,1129.9183330227474,708.7225766438364,994.4598295551792,764.3074453848379,564.7085141782406
2025-12-28T11:00:00Z,36,973.4317849019903,1228.8617773008216,1451.461762446657,1394.232138383094,971.1335912751923,1374.53505706611,1144.7213812934028,1096.127224392361
2025-12-29T11:00:00Z,36,1614.403917836432,1819.8878729404673,1682.8803621258699,1653.4131334247884,1596.3234694781695,1900.7781616019702,1619.279541015625,1426.0131022135417
2025-12-30T11:00:00Z,36,997.3964559818536,1240.2085178592085,1227.7611689275245,1377.0018218417817,1269.9528622945597,1643.794627204669,1319.653076171875,1129.563937717014
2025-12-31T11:00:00Z,36,1242.1078226177947,1269.8094103316491,973.1055061436267,955.8582640250693,1131.7987041741494,1195.1654500459738,1214.8961317274307,1064.6581217447917
2026-01-01T11:00:00Z,36,906.9204883731456,819.1562684660514,852.6792479891487,736.2532313166497,881.8244950894444,824.2237488459045,808.423583984375,704.6533745659722
2026-01-02T11:00:00Z,36,763.657090023204,867.2663201333032,1015.8366164690984,1244.444876596314,997.9992850947872,1290.5443393231858,850.6332194010416,1032.5616590711807
2026-01-03T11:00:00Z,36,757.9511841446001,808.1032022090579,1048.6139798610218,1151.5707462063838,1029.2767916302032,1161.2253491682782,802.281982421875,822.2855631510416
2026-01-04T11:00:00Z,36,914.3225484162662,1012.1658386135231,1295.9139560462145,1437.9350040956988,1058.7986913144962,1110.1783372570471,910.0862901475695,1031.2666015625
2026-01-05T11:00:00Z,36,843.1660625696172,833.7961838602545,1219.0751592495933,1297.510306566718,889.5334031718822,1024.8266477291702,978.7940538194445,1060.3956976996528
2026-01-06T11:00:00Z,36,1054.5849731331084,1081.4493032805271,1365.947675404929,1333.046501095783,1089.078997759085,981.6928177214223,1117.9527723524307,1192.7086317274307
2026-01-07T11:00:00Z,36,1118.631807779437,1170.9766683307264,1370.0524321879527,1551.7744371258043,1101.4699610138568,1110.934694730978,1173.634738498264,1373.6502007378472
2026-01-08T11:00:00Z,36,1179.8890007832852,1222.7929435876615,1390.8703360308855,1576.7093505619916,1267.9568842475808,1241.788643270387,1174.7237413194443,1416.465847439236
2026-01-09T11:00:00Z,36,1241.366312685148,1331.0273226714078,1504.8136824762246,1702.4071781622026,1408.1753451926384,1462.6043145382266,1235.216037326389,1508.1832139756943
2026-01-10T11:00:00Z,36,1695.2448517072476,1791.1353245366895,2091.725808985639,2279.7126375502075,1995.7122840883485,2019.3389555755812,1614.0629340277778,1810.4654405381943
2026-01-11T11:00:00Z,36,2100.018558700546,2173.9126312052526,2511.181727802166,2724.9251542713123,2269.546493761206,2432.2946438188897,2257.6585286458335,2442.432318793403
2026-01-12T11:00:00Z,36,1746.9169917550528,1712.0405025569178,1832.1177928560642,1898.0069918738654,1585.6297272596375,1565.3614903697396,1790.0513147424767,2040.476960358796
2026-01-13T11:00:00Z,36,987.5964607379234,996.5731105535338,1245.7400287727585,1394.0656815261214,1032.9224951655058,972.4588139712944,1101.8456488715278,1244.7335883246528
2026-01-14T11:00:00Z,36,783.9612433303568,769.253607404371,1017.0537265267566,1067.270156130308,684.5456648065364,686.655708326045,835.4118109809028,952.3065049913195
2026-01-15T11:00:00Z,36,843.9825151385335,789.388045014913,880.0474934796894,759.7429013726744,633.4586208021733,619.3750197248571,801.978271484375,836.6303168402778
2026-01-16T11:00:00Z,36,856.4497929275844,806.8789137174875,842.4679256520711,662.6622089711552,716.4639746713351,619.4485709465272,818.3456579137733,774.7577672887733
2026-01-17T11:00:00Z,36,627.9258694346798,606.6679835176991,691.095085233723,626.9388171614901,574.7459287782818,641.7643985934023,596.6853389033565,632.3255298755788
2026-01-18T11:00:00Z,36,648.0706805986924,731.1474210083143,1106.6792451777224,938.8338941044377,550.2012542784414,593.3736041087978,668.6886935763889,659.1112738715278
2026-01-19T11:00:00Z,36,897.8979802208695,871.9506613132786,1031.467417080987,975.1130074409468,682.5320023556167,662.1466228488139,785.2004123263889,1023.5807562934028
2026-01-20T11:00:00Z,36,1010.6299721184603,1033.4055631468632,1237.8501528898717,1246.5366406552985,973.7774290433333,904.6373884182105,988.6717393663195,1057.330050998264
2026-01-21T11:00:00Z,36,1067.5686243428136,1108.4391259865254,1321.447403359336,1488.68623530405,985.0888443832139,1020.701575508209,1106.9090169270833,1291.1533745659722
2026-01-22T11:00:00Z,36,1161.264474943801,1189.3604947859917,1241.132017896587,1362.7512994961155,978.091099658815,986.1957579504846,1017.2454155815972,1370.4256184895833
2026-01-23T11:00:00Z,36,673.7086645772729,774.1349583096367,890.135470216465,1042.9693297734518,700.1694601325441,855.1153593155764,667.4158257378472,871.9988878038195
2026-01-24T11:00:00Z,36,675.718043266583,811.9979328777582,937.3690566333262,1083.3140726171996,791.9897771810827,893.1356491653033,621.5907660590278,844.3663465711805
2026-01-25T11:00:00Z,36,1231.9356814527537,1320.36794179538,1547.8720009767303,1779.7359701983562,1323.5126957903583,1523.3674411522686,1237.659912109375,1360.867458767361
2026-01-26T11:00:00Z,36,1609.7233596088727,1534.6442161376408,1700.3595291897354,1710.1414811513068,1412.347020006218,1361.8593146048975,1523.4905870225693,1805.0359700520833
2026-01-27T11:00:00Z,36,1628.034740714496,1529.8076679203357,1647.4173078668193,1625.51490957388,1345.2818027887172,1318.6970251057835,1478.8366789641204,1725.9230504918983
2026-01-28T11:00:00Z,36,2030.3822692609983,1949.1584927218614,2037.4868400317582,2017.1895544625997,1725.8823659935886,1764.8619464794956,1923.7200339988428,2127.6774450231483
2026-01-29T11:00:00Z,36,1600.8800530267931,1531.7075045546114,1831.2290819873347,1842.6153778791518,1667.3970028040328,1648.4938559618877,1626.0225784866898,1712.1431839554398
2026-01-30T11:00:00Z,36,1276.3497882059182,1127.1397424549752,1373.8850131007102,1298.832937282624,1226.8746780434526,1091.6834565475335,1059.9363154658565,1306.6624710648148
2026-01-31T11:00:00Z,36,1168.445342503975,1173.8294824636694,1279.1000996962136,1349.428744509091,1102.0165844599233,1167.37215112997,963.627197265625,1314.1809624565972
2026-02-01T11:00:00Z,36,1637.057595978644,1820.5256869007176,2062.743240883991,2349.6596956203084,1738.0647745639862,2002.9359748373095,1721.1988118489583,2033.532986111111
2026-02-02T11:00:00Z,36,2242.71062990121,2305.453997239096,2333.494981925443,2530.0031791339675,2001.940375530451,2065.6938376055764,2145.327094184028,2562.051567925347
2026-02-03T11:00:00Z,36,2094.160479393196,2085.764593064494,2140.5855281697513,2290.716174808987,1941.6901250033434,1871.5998986356249,1929.6043203848376,2271.544587311921
2026-02-04T11:00:00Z,36,1909.9285613716113,1974.4814991042704,1994.3735245847727,2200.873551165483,1666.5682754095997,1733.9702956576277,1834.059299045139,2186.6468098958335
2026-02-05T11:00:00Z,36,1964.8735842390645,1959.77911215635,1960.7553077728646,2186.544723504804,1874.595598661636,1820.1060541688043,1892.3132866753472,2209.666449652778
2026-02-06T11:00:00Z,36,1441.3996375984575,1421.6225825707186,1451.6537149086403,1618.7192590841105,1418.7917086384068,1402.6433713684191,1354.6332194010417,1634.365993923611
2026-02-07T11:00:00Z,36,1055.0207390210007,1103.9147049301162,1363.650724254218,1480.8282688055253,1309.9756978631674,1304.6878421939518,1017.8186577690972,1165.525851779514
2026-02-08T11:00:00Z,36,1962.3486480905563,2087.3906884399426,2333.52415317555,2561.688720689891,2047.3306671803923,2278.4079742883873,1986.182345920139,2085.4294704861113
2026-02-09T11:00:00Z,36,2104.902447764333,2045.717005145006,2200.7084523490516,2184.270939975661,1913.861204219273,1812.5696630273062,2021.72546838831,2255.5323531539348
2026-02-10T11:00:00Z,36,1901.8595336734604,1811.9331725494658,1984.4684164093132,1932.4909799237114,1692.5652650002796,1622.8877251147678,1851.9968713831015,2029.6667118778932
2026-02-11T11:00:00Z,36,2138.9352807431205,2045.8411632360414,2220.309829439493,2186.877029746659,1933.8307582843659,1906.786175212075,2094.7030797887733,2284.855776186343
2026-02-12T11:00:00Z,36,2248.040268082802,2052.890242836548,2146.9971253384447,2106.035018330008,2086.5222398706296,2028.077775946771,2048.7922724971068,2191.3564272280096
2026-02-13T11:00:00Z,36,2262.8186077802975,2093.994729851877,2272.8960535002634,2112.7545584983436,2184.311385168826,2080.2766410921217,2106.9117928964124,2183.1990107783568
2026-02-14T11:00:00Z,36,2231.816962712566,2090.297062556304,2409.6807724447035,2325.534094540149,2262.478419923726,2311.3923862127813,2048.9090983072915,2255.0895724826387
2026-02-15T11:00:00Z,36,2192.049664198089,2181.650334398803,2320.7678433134565,2466.0621726181907,2004.9464871202113,2213.5800151797175,2069.283591941551,2386.7449905960652
2026-02-16T11:00:00Z,36,2012.2435626083482,2061.1470724833707,2093.491595149324,2278.726730117019,1834.8082124494988,1998.4034549549344,1862.1098180700235,2228.3788610387733
2026-02-17T11:00:00Z,36,2221.1393344141998,2323.6152523116775,2319.3725725802433,2535.6393514445936,2068.8049979607554,2133.3785125335357,2127.3666178385415,2494.799858940972
2026-02-18T11:00:00Z,36,2121.4581364946725,2135.8603249604107,2208.5369122362154,2372.3118915485225,2013.384156015015,2135.770712332189,1994.857177734375,2247.7605251736113
2026-02-19T11:00:00Z,36,2024.3173940987135,1898.972768897611,1980.354053022158,1956.3973906469041,2007.6829167009976,1952.598998395579,1886.0754937065972,1975.475070529514
2026-02-20T11:00:00Z,36,660.406139178285,671.5409421532161,777.6153836790304,982.780008150286,762.4129789209536,960.494660847673,690.0750868055555,981.0507541232639
2026-02-21T11:00:00Z,36,257.0668538526149,316.7018217827918,515.2646636261901,638.0946902690097,403.32695359678814,690.7775142200337,269.03143988715277,370.79779730902777
2026-02-22T11:00:00Z,36,715.6417042302323,725.2022665830428,981.6291693000894,1011.140102788159,555.0082099052671,729.00043541305,673.86083984375,781.3742947048611
2026-02-23T11:00:00Z,36,714.9428391323587,683.6688971408516,833.1711984746157,817.668336380697,497.16088597365666,481.6481961560433,644.2592502170139,837.2805718315972
2026-02-24T11:00:00Z,36,940.4655033737696,895.9238552010686,1033.163902224914,1038.2097908954038,789.0920849328754,688.2751949826459,938.4242078993055,1101.535373263889
2026-02-25T11:00:00Z,36,853.1436368416273,839.0974018878795,1013.5606206637169,957.6005997532552,693.0220901034706,730.854224212904,949.7511935763889,1044.5140516493057
2026-02-26T11:00:00Z,36,548.7113390796161,596.7667917497049,717.475716771868,596.9448614291305,453.45809192067173,404.55649002910843,636.7373951099538,580.5174244068288
2026-02-27T11:00:00Z,36,1009.1224691348663,889.398446858226,734.7648254658629,577.3916574158004,719.2308320332949,604.2919190187255,726.265525535301,696.2214717158565
2026-02-28T11:00:00Z,36,498.1460370445123,513.2182632787559,309.203601246551,358.9825534950313,307.18525073912417,341.80140279403213,301.1185709635417,389.2497287326389
2026-03-01T11:00:00Z,36,442.2643014049818,448.6001889927041,596.6080311783468,552.8483259530267,293.2918332572766,354.5202534908787,420.98876953125,451.45741102430554
2026-03-02T11:00:00Z,36,371.1987092742041,443.42390171213844,527.7518742386543,559.2668749559421,338.44962902868656,426.5520293556986,377.9883626302083,483.1319173177083
2026-03-03T11:00:00Z,36,246.90851320479663,275.70980552236773,357.451665185695,349.2050448696856,192.49067896936242,211.39269397644057,235.81183087384255,238.29124168113424
2026-03-04T11:00:00Z,36,295.52522811870244,333.429163411569,390.1030367825333,405.7314921149231,240.99988342419996,340.3546197980655,264.61697952835647,291.4300491898148
2026-03-05T11:00:00Z,36,279.49369478448654,280.681228415505,302.3060123779697,302.7853013548087,235.91332245402504,191.27984539881467,257.55487738715277,243.82394748263889
2026-03-06T11:00:00Z,36,258.616209776984,302.3762444231745,287.0665973731774,346.53237078850566,265.41470256020034,328.49261097786496,299.82313368055554,329.07343207465277
2026-03-07T11:00:00Z,36,271.28218808106044,250.8741835211538,293.54968918678946,289.7073752652125,358.3969489550327,331.834881149461,286.18178530092587,330.85394965277777
2026-03-08T11:00:00Z,36,260.9370599181344,280.25485356588405,361.6263050768187,288.4966009750749,369.55721628867184,275.82293062914727,246.39199942129628,286.1552643952546
2026-03-09T11:00:00Z,36,354.0809424976078,253.06761738616635,384.2835473448159,324.5765168848432,268.7276853783097,269.8962505959454,283.84076605902777,215.35234917534723
2026-03-10T11:00:00Z,36,456.2805939891341,583.9816282086022,503.6219019794092,555.7092710577302,473.43928605567584,529.8925149646396,453.36493598090277,495.878662109375
2026-03-11T11:00:00Z,36,240.8701207501614,328.81872663947183,337.8856814790199,349.65128650774966,242.44869367725693,414.8263769335593,225.81806098090277,283.83045789930554
2026-03-12T11:00:00Z,36,520.060592939641,491.89685130289826,306.47399032038027,401.5144017338097,425.84445870975145,546.5021148496929,456.02886284722223,553.3341471354166
2026-03-13T11:00:00Z,36,340.65975774725007,292.71116431330563,250.24798927066297,309.39937479851255,263.95134233124446,454.15494297581483,239.663818359375,322.2031521267361
2026-03-14T11:00:00Z,36,450.10445744366854,379.9417566938276,432.90769563448447,348.86536924074943,275.324502604777,312.8052776987213,327.743896484375,264.5757107204861
2026-03-15T11:00:00Z,36,528.6022109686285,546.1890534545463,659.3331523127613,618.6083116412052,385.75919183185,337.8941434360336,522.1845703125,459.00254991319446
2026-03-16T11:00:00Z,36,376.4965203675893,512.8623159053295,381.8220290849456,471.0056856926935,315.2557055672189,329.0722098906543,343.02813042534723,383.4109157986111
2026-03-17T11:00:00Z,36,229.95996072987023,211.3248930200928,206.8891683535588,238.18600627852896,244.32341971098327,302.3148921123282,232.84202293113427,224.87094003182872
2026-03-18T11:00:00Z,36,231.84796369670505,282.82233900000006,195.64287541119768,276.1933340750466,222.74030095487024,388.1196974809207,224.25257703993054,404.28162977430554
2026-03-19T11:00:00Z,36,242.68030199299022,196.81183911923233,182.50470664803535,175.33537197927302,206.11279940484403,235.88333941362458,171.68280707465277,201.68036566840277
2026-03-20T11:00:00Z,36,268.7571810449098,226.93130787908044,340.8426374977726,404.7194714537426,293.87823224926655,478.14942185053445,224.65590639467595,303.06926359953707
2026-03-21T11:00:00Z,36,295.8302787987783,270.57329150292264,288.45856382634827,362.9358132402585,255.28470025085073,350.8524751695798,288.73252133969913,319.06002242476853
2026-03-22T11:00:00Z,36,258.80186602411266,259.381660820095,322.6769914024711,427.6132782681917,314.30235629414386,347.61792521103655,261.75330946180554,326.122802734375
2026-03-23T11:00:00Z,36,198.51195850546998,358.72886643738576,183.22846663324765,396.3522415686592,205.68955905172712,362.99903111408605,185.30658637152777,359.3314615885417
2026-03-24T11:00:00Z,36,237.05919224520858,419.42072151855456,293.0755864606512,569.4018322075694,265.15054360714055,489.0277913430608,225.12977430555554,576.7416449652778
2026-03-25T11:00:00Z,36,662.5496461241465,788.8484683465757,552.2716773152498,818.712187262326,636.635765295408,824.7082368050746,707.4087456597222,950.8336046006945
2026-03-26T11:00:00Z,36,474.9502182253605,512.0815907483138,498.0612571474712,542.3375534218003,459.2196463773932,562.6421952102862,501.21343315972223,631.8917100694445
2026-03-27T11:00:00Z,36,1193.2067213422297,1092.1277576341813,1317.947782395072,1186.72797463382,1049.0652216474728,1091.2325111669463,1126.5776548032406,1102.111671730324
2026-03-28T11:00:00Z,36,968.8237167886759,934.0227008297936,888.9273903027802,831.4981138939934,930.3435459036531,901.5837045825039,912.7714572482639,951.7476942274305
2026-03-29T10:00:00Z,36,1011.3049474207977,1046.9146724377672,873.1542423111775,856.1447744727818,982.9474344865549,1096.5494687721118,1077.9426812065972,1127.138454861111
2026-03-30T10:00:00Z,36,297.85651474469194,440.46930140056804,289.2302869393551,361.5400671396507,353.30717437071115,528.4259108390457,272.8256022135417,332.7470431857639
2026-03-31T10:00:00Z,36,322.4426130963996,334.5814444334609,255.07031713085993,311.5305693205108,295.0545120238548,299.2936625560735,339.9049660011574,362.80375614872685
2026-04-01T10:00:00Z,36,330.62514680133,504.0568977159632,464.49759603794325,537.9853355008304,417.8674434337554,477.0424628352527,477.983986183449,585.9780454282406
2026-04-02T10:00:00Z,36,343.63301149009067,356.2323563829143,328.36527881883245,416.2886747725869,190.0146469911728,269.6521462355134,283.82801649305554,379.1748046875
2026-04-03T10:00:00Z,36,864.6958220057481,746.2381016728491,355.4956232379875,325.166955368448,342.3351236481996,321.17538511800365,468.5249837239583,633.7293294270834
2026-04-04T10:00:00Z,36,795.4092373903763,659.2441571995831,476.54594372003885,477.99919611809634,539.99245467627,477.16014404421327,539.7344111689815,631.8312264901621
2026-04-05T10:00:00Z,36,295.36353328204217,297.9758819956971,620.8046227305895,614.148372690411,351.4640142114915,491.21732733287377,401.25744176793984,431.6751121238426
2026-04-06T10:00:00Z,36,269.0651830296259,398.51793657420444,371.7576650715523,572.0063072836799,236.516283905134,489.4405714754349,252.86952039930554,393.44476092303245
2026-04-07T10:00:00Z,36,245.34241878350906,279.26181903212614,296.3311799546076,389.001810251006,255.81021089565462,361.4248130500186,229.40674732349538,291.4406828703704
2026-04-08T10:00:00Z,36,402.3639611123604,161.27652960850986,262.26358083816564,168.692162760722,404.76050453413137,159.30568672372044,227.36710611979166,176.96980794270834
2026-04-09T10:00:00Z,36,422.6485112417951,277.3193890726875,387.95245513744266,329.1271030893828,364.5301521258274,246.7064109178399,369.5772298177083,308.9823947482639
2026-04-10T10:00:00Z,36,607.9920600176704,487.922184848245,308.7407323452238,387.1493560486164,537.8263586233088,341.5198573174163,601.9421657986111,654.0205620659722
2026-04-11T10:00:00Z,36,462.2626715504741,411.2415980559205,217.0287823313523,195.27262681120388,360.555012469132,294.61521333201745,442.92035590277777,532.3777940538195
2026-04-12T10:00:00Z,36,412.3891200229051,529.6679700611303,444.24341003218365,459.28019094832115,368.5409820115981,413.3758878597816,573.7593858506945,666.8906792534722
2026-04-13T10:00:00Z,36,302.5788831024388,282.4137399473848,228.23226543925017,178.2309169997552,196.66471805990275,280.9867640218324,256.6224952980324,288.6320981626157
2026-04-14T10:00:00Z,36,257.3040941774497,258.0109376095747,369.13958724165184,380.1140607149644,232.56890423539517,218.33280767741417,360.7484537760417,307.3459743923611
2026-04-15T10:00:00Z,36,250.22235840070627,198.8278207326265,245.380930639148,250.48689831173624,203.8136429309343,181.24007840409817,226.96964518229166,227.05148654513889
2026-04-16T10:00:00Z,36,409.3752414377987,481.93375725214446,428.88642432027825,491.9391888000981,266.5302409359492,407.1022117846483,389.03266059027777,541.210693359375
2026-04-17T10:00:00Z,36,454.1972461608103,402.97001922878684,357.62663890571764,434.83179978479154,214.74149491491534,264.142742055618,434.4653139467593,460.81454354745375
2026-04-18T10:00:00Z,36,267.15821322652675,249.898982401438,287.46724820411873,271.3834895460752,232.95182943567175,214.3278134089149,277.27700014467587,267.9731174045139
2026-04-19T10:00:00Z,36,354.7261455001481,310.8569218405365,362.00102752528795,329.19091824684875,313.39257129109296,275.3516022218231,347.1034161603009,340.0873119212963
2026-04-20T10:00:00Z,36,348.0403567806299,317.595365033189,402.06541182045004,392.71575011981486,339.9441743453773,247.50902671491465,298.0840657552083,286.72905815972223
2026-04-21T10:00:00Z,36,425.9059523140506,417.47137438285495,363.9269204781415,342.1461762041963,362.04076041860054,405.71677422011425,462.29554578993054,452.48716905381946
2026-04-22T10:00:00Z,36,307.05114607135494,320.7189814793817,261.4633348831378,263.09530261662235,292.7061152126721,445.5194678812833,280.4226481119792,324.13939073350696
2026-04-23T10:00:00Z,36,503.10675849155655,302.29286378031236,417.94837632684477,360.02601974286154,255.13605324425487,193.2518811472375,377.9270290798611,405.71294487847223
2026-04-24T10:00:00Z,36,322.2505336811955,349.77628018366863,483.34523888225766,451.6833698151984,297.88075403614414,324.01098098793545,252.65068901909723,344.17529296875
2026-04-25T10:00:00Z,36,507.93623395475726,528.1202620128471,403.66169964659025,431.840530822713,471.51353691352557,493.0477534454298,374.6412624782986,488.2528483072917
2026-04-26T10:00:00Z,36,345.325251425659,441.0980075689793,356.4585332129716,380.5546874415702,326.5483456169786,353.98406073126256,366.855712890625,398.23985460069446
2026-04-27T10:00:00Z,36,389.02988505045,419.168506719804,303.09963349561605,282.8220081509369,325.4308801442537,282.0655372574042,406.83037651909723,396.9228515625
2026-04-28T10:00:00Z,36,262.81452699079443,195.5642240292643,201.28990015450023,131.70035387866437,126.4080275416244,145.77299905842307,358.46478949652777,321.4877115885417
2026-04-29T10:00:00Z,36,366.3192519737514,391.24858967545265,282.67077821577305,255.0584407712088,247.02443252166734,214.65763051992806,310.4670817057292,291.5816650390625
2026-04-30T10:00:00Z,36,267.90600131076343,228.53832488189235,419.91831598860944,469.5142126523238,327.12428231159384,345.32638756758126,326.7215576171875,346.77973090277777
2026-05-01T10:00:00Z,36,259.0903529361924,271.581926869076,392.15918400384794,462.25988934248187,259.5540003100176,294.9050581229382,384.55507179542826,418.75557906539353
2026-05-02T10:00:00Z,36,268.4851051612391,259.6604636944708,398.007268294698,391.11590371771604,238.06810912200115,222.56249388940836,275.81358506944446,319.8174235026042
2026-05-03T10:00:00Z,36,376.95822808347384,318.2523955090025,403.64197113888326,411.95838097997506,292.02795521680014,311.18290792283415,488.0385787398727,405.8322663483797
2026-05-04T10:00:00Z,36,282.24925273087786,252.20789367691324,208.2121570309428,217.4660132915975,258.8494268445532,264.9603605235036,196.13107638888889,211.19239637586804
2026-05-05T10:00:00Z,36,287.24696907976636,276.70444398139557,330.0084776562998,292.1035897465128,261.00524090949637,222.6318663469485,245.88410101996527,250.92538791232639
2026-05-06T10:00:00Z,36,463.48048024361714,523.2769985567975,193.95145892392773,173.45453902459178,247.51102479189927,325.71349296733257,598.2453794126156,663.6889829282406
2026-05-07T10:00:00Z,36,247.7192952110385,122.4498481312706,236.5565509680073,225.11637291278458,146.09132342887585,191.43210977122538,204.44797092013889,158.63930935329861
2026-05-08T10:00:00Z,36,170.79224308096892,365.67030449410254,258.7493429505706,339.5628072691588,299.9041563775062,469.97529702214626,242.6192626953125,363.27577039930554
2026-05-09T10:00:00Z,36,179.51339864256317,177.18886425073453,207.08112058889418,220.92670273411977,208.30851877755705,152.5629261487247,228.88448079427084,238.08266872829861
2026-05-10T10:00:00Z,36,194.37308389601014,170.08694493055793,156.28957889754733,191.74576715835883,172.31828268409487,144.20678154738005,200.71555356626158,151.75047923900465
2026-05-11T10:00:00Z,36,336.57138696463284,392.4083940756913,461.21411737038864,516.8660144003372,245.84116462201396,355.6328050899915,416.2302517361111,444.5633544921875
2026-05-12T10:00:00Z,36,241.65620800678153,247.7286279029283,390.1587628986253,412.0469257066278,274.6054371803515,241.5047279683628,173.74799262152777,155.1982421875
2026-05-13T10:00:00Z,36,214.8278700153423,226.63449372799403,299.1555791471461,277.5551856672218,168.7815685974751,208.32471165788294,180.87141022858793,179.93407298900462
2026-05-14T10:00:00Z,36,196.0521152784117,173.81594355680838,225.47686349872703,200.57326610996108,215.14688981186947,153.86491470149625,284.42974175347223,298.7252604166667
2026-05-15T10:00:00Z,36,258.5207073056862,368.4892342233097,133.80759231563457,180.4208873286373,272.9660119939111,363.4380294858434,261.82924171730326,353.4398102936922
2026-05-16T10:00:00Z,36,178.0004032249995,258.9147932494159,163.16222324471053,197.53302643518077,196.49707367016032,258.5685880303937,230.54833984375,270.5865071614583
2026-05-17T10:00:00Z,36,254.08165984106756,257.70511019721937,231.09991976140944,249.8822508592383,183.39171420812784,209.56089267595692,280.05796983506946,282.8647054036458
2026-05-18T10:00:00Z,36,246.7673608393402,231.72233823773988,198.537393916551,199.252838651101,147.88539742422623,201.29951443386398,196.14375361689815,227.683263708044
2026-05-19T10:00:00Z,36,359.06031622941833,348.3144311297205,350.57918008440583,333.29947942816995,322.17560495707795,275.4008713747138,340.1311261212384,349.9712547019676
2026-05-20T10:00:00Z,36,373.1946110938926,359.8232106972116,383.57361642034243,383.77309825130146,373.8913695623775,298.78569426711704,420.796472620081,406.1426097728588
2026-05-21T10:00:00Z,36,233.82683570342618,203.82177551722305,252.3891480368786,240.3901433857099,258.96378121295766,254.16857357853274,240.26206235532405,235.9208351417824
2026-05-22T10:00:00Z,36,193.29955011998535,186.83208169557003,211.15944326928803,237.59130721635762,156.33658187853018,202.78084957911378,200.15237539785878,184.83462637442128
2026-05-23T10:00:00Z,36,384.24461795956574,380.4758871790968,529.3522746019737,536.0943633258184,434.8176403117693,466.4888889805097,371.9679859302662,410.48416702835647
