origin_timestamp_utc,target_timestamp_utc,horizon_h,split,target_consumption_se1_mw,target_model_cet_date,target_model_cet_hour,target_model_cet_weekday,is_weekend,is_holiday,is_bridge_day,is_holiday_period,is_major_social_holiday,consumption_se1_lag_1h,consumption_se1_lag_2h,consumption_se1_lag_3h,consumption_se1_lag_6h,consumption_se1_lag_12h,consumption_se1_lag_24h,consumption_se1_lag_48h,consumption_se1_lag_72h,consumption_se1_lag_168h,consumption_se1_roll_mean_6h,consumption_se1_roll_mean_12h,consumption_se1_roll_mean_24h,consumption_se1_roll_mean_48h,consumption_se1_roll_mean_168h,consumption_se1_roll_min_24h,consumption_se1_roll_max_24h,consumption_se1_roll_std_24h,weather_normal_temperature_se1,weather_normal_wind_100m_se1,weather_normal_solar_se1,pred_B0_same_hour_previous_day,pred_B1_same_hour_previous_week,pred_B2_calendar_hour_weekday_profile,pred_B3_seasonal_hour_weekday_profile,pred_B4_recent_24h_mean_adjusted_by_hour_profile
2022-06-05T23:00:00Z,2022-06-06T00:00:00Z,1,train,1015.826073,2022-06-06,1,0,0,1,0,0,0,1037.261948,1063.843295,1089.798083,1102.8686,1071.69538,999.534282,1005.994468,1012.314508,1021.398413,1079.1347453333333,1079.1155487499998,1062.524382416667,1056.6867464166667,1070.3865889523806,999.534282,1102.8686,28.545034104076397,11.22452986725663,17.16823230088499,3.7130309734513114,1008.889595,1005.435566,630.5512289967795,450.1392354221315,1021.5450055600335
2022-06-05T23:00:00Z,2022-06-06T02:00:00Z,3,train,1022.745969,2022-06-06,3,0,0,1,0,0,0,1037.261948,1063.843295,1089.798083,1102.8686,1071.69538,999.534282,1005.994468,1012.314508,1021.398413,1079.1347453333333,1079.1155487499998,1062.524382416667,1056.6867464166667,1070.3865889523806,999.534282,1102.8686,28.545034104076397,10.853836464088413,16.617477348066245,34.964353591160176,1031.048606,1000.560087,631.6352080369221,455.1989708902443,1022.6289846001761
2022-06-05T23:00:00Z,2022-06-06T05:00:00Z,6,train,1048.909741,2022-06-06,6,0,0,1,0,0,0,1037.261948,1063.843295,1089.798083,1102.8686,1071.69538,999.534282,1005.994468,1012.314508,1021.398413,1079.1347453333333,1079.1155487499998,1062.524382416667,1056.6867464166667,1070.3865889523806,999.534282,1102.8686,28.545034104076397,12.878972406181006,14.339149006622527,217.7716997792492,1042.971141,1110.776998,685.7607049194283,507.7833257217747,1076.7544814826824
2022-06-05T23:00:00Z,2022-06-06T11:00:00Z,12,train,1084.036344,2022-06-06,12,0,0,1,0,0,0,1037.261948,1063.843295,1089.798083,1102.8686,1071.69538,999.534282,1005.994468,1012.314508,1021.398413,1079.1347453333333,1079.1155487499998,1062.524382416667,1056.6867464166667,1070.3865889523806,999.534282,1102.8686,28.545034104076397,16.630164277839018,15.958022050716691,518.5229768467462,1071.69538,1058.18954,690.4129265404233,525.5129928120002,1081.4067031036773
2022-06-05T23:00:00Z,2022-06-06T23:00:00Z,24,train,1000.030724,2022-06-07,0,1,0,0,0,0,0,1037.261948,1063.843295,1089.798083,1102.8686,1071.69538,999.534282,1005.994468,1012.314508,1021.398413,1079.1347453333333,1079.1155487499998,1062.524382416667,1056.6867464166667,1070.3865889523806,999.534282,1102.8686,28.545034104076397,11.668302325581376,17.470841638981167,2.6014285714285776,1036.269416,910.546136,633.1611649866477,470.47930484325457,1024.1549415499017
2022-06-05T23:00:00Z,2022-06-07T23:00:00Z,48,train,1015.910816,2022-06-08,0,2,0,0,0,0,0,1037.261948,1063.843295,1089.798083,1102.8686,1071.69538,999.534282,1005.994468,1012.314508,1021.398413,1079.1347453333333,1079.1155487499998,1062.524382416667,1056.6867464166667,1070.3865889523806,999.534282,1102.8686,28.545034104076397,11.668302325581376,17.470841638981167,2.6014285714285776,1000.030724,965.110296,634.6716670277077,472.38350228149665,1025.6654435909618
2022-06-05T23:00:00Z,2022-06-08T23:00:00Z,72,train,1033.932147,2022-06-09,0,3,0,0,0,0,0,1037.261948,1063.843295,1089.798083,1102.8686,1071.69538,999.534282,1005.994468,1012.314508,1021.398413,1079.1347453333333,1079.1155487499998,1062.524382416667,1056.6867464166667,1070.3865889523806,999.534282,1102.8686,28.545034104076397,11.668302325581376,17.470841638981167,2.6014285714285776,1015.910816,994.288553,638.114974875845,468.3285655485614,1029.1087514390988
2022-06-05T23:00:00Z,2022-06-09T23:00:00Z,96,train,1060.862605,2022-06-10,0,4,0,0,0,0,0,1037.261948,1063.843295,1089.798083,1102.8686,1071.69538,999.534282,1005.994468,1012.314508,1021.398413,1079.1347453333333,1079.1155487499998,1062.524382416667,1056.6867464166667,1070.3865889523806,999.534282,1102.8686,28.545034104076397,11.668302325581376,17.470841638981167,2.6014285714285776,1033.932147,1012.314508,639.3268823769589,425.71079366472816,1030.320658940213
2022-06-05T23:00:00Z,2022-06-10T23:00:00Z,120,train,1047.2865,2022-06-11,0,5,1,0,0,0,0,1037.261948,1063.843295,1089.798083,1102.8686,1071.69538,999.534282,1005.994468,1012.314508,1021.398413,1079.1347453333333,1079.1155487499998,1062.524382416667,1056.6867464166667,1070.3865889523806,999.534282,1102.8686,28.545034104076397,11.668302325581376,17.470841638981167,2.6014285714285776,1060.862605,1005.994468,635.2590607454171,419.7805874076924,1026.2528373086711
2022-06-05T23:00:00Z,2022-06-11T23:00:00Z,144,train,1019.466356,2022-06-12,0,6,1,0,0,0,0,1037.261948,1063.843295,1089.798083,1102.8686,1071.69538,999.534282,1005.994468,1012.314508,1021.398413,1079.1347453333333,1079.1155487499998,1062.524382416667,1056.6867464166667,1070.3865889523806,999.534282,1102.8686,28.545034104076397,11.668302325581376,17.470841638981167,2.6014285714285776,1047.2865,999.534282,634.7792120500703,420.78752455725197,1025.7729886133243
2022-06-05T23:00:00Z,2022-06-12T23:00:00Z,168,train,986.560261,2022-06-13,0,0,0,0,0,0,0,1037.261948,1063.843295,1089.798083,1102.8686,1071.69538,999.534282,1005.994468,1012.314508,1021.398413,1079.1347453333333,1079.1155487499998,1062.524382416667,1056.6867464166667,1070.3865889523806,999.534282,1102.8686,28.545034104076397,11.668302325581376,17.470841638981167,2.6014285714285776,1019.466356,1036.269416,632.8423499365668,449.8397350681821,1023.8361264998208
2022-06-06T00:00:00Z,2022-06-06T01:00:00Z,1,train,1010.399549,2022-06-06,2,0,0,1,0,0,0,1036.269416,1037.261948,1063.843295,1089.794161,1064.613148,1008.889595,993.329499,1001.691995,1005.435566,1068.0348813333333,1076.1633850833332,1064.055013,1057.3174745,1070.4751068273804,1008.889595,1102.8686,25.997594375509472,10.903315265486743,16.896136061947,11.793230088495642,1030.054348,1006.561238,629.0816863171199,447.7332462336069,1021.6060934637067
2022-06-06T00:00:00Z,2022-06-06T03:00:00Z,3,train,1020.218456,2022-06-06,4,0,0,1,0,0,0,1036.269416,1037.261948,1063.843295,1089.794161,1064.613148,1008.889595,993.329499,1001.691995,1005.435566,1068.0348813333333,1076.1633850833332,1064.055013,1057.3174745,1070.4751068273804,1008.889595,1102.8686,25.997594375509472,11.253144751381251,16.053459668508264,79.022099447514,1025.113154,1024.531795,641.3279574612129,464.9813586829265,1033.8523646077997
2022-06-06T00:00:00Z,2022-06-06T06:00:00Z,6,train,1066.597505,2022-06-06,7,0,0,1,0,0,0,1036.269416,1037.261948,1063.843295,1089.794161,1064.613148,1008.889595,993.329499,1001.691995,1005.435566,1068.0348813333333,1076.1633850833332,1064.055013,1057.3174745,1070.4751068273804,1008.889595,1102.8686,25.997594375509472,13.723294701986715,14.175866445916164,297.9056732891816,1066.382721,1122.253178,698.0820092117459,519.2379737197585,1090.6064163583328
2022-06-06T00:00:00Z,2022-06-06T12:00:00Z,12,train,1068.513924,2022-06-06,13,0,0,1,0,0,0,1036.269416,1037.261948,1063.843295,1089.794161,1064.613148,1008.889595,993.329499,1001.691995,1005.435566,1068.0348813333333,1076.1633850833332,1064.055013,1057.3174745,1070.4751068273804,1008.889595,1102.8686,25.997594375509472,16.832265711135648,16.37984454244764,505.2317420066163,1064.613148,1041.649891,686.7999493130917,521.2770471320005,1079.3243564596785
2022-06-06T00:00:00Z,2022-06-07T00:00:00Z,24,train,992.004364,2022-06-07,1,1,0,0,0,0,0,1036.269416,1037.261948,1063.843295,1089.794161,1064.613148,1008.889595,993.329499,1001.691995,1005.435566,1068.0348813333333,1076.1633850833332,1064.055013,1057.3174745,1070.4751068273804,1008.889595,1102.8686,25.997594375509472,11.22452986725663,17.16823230088499,3.7130309734513114,1015.826073,894.358745,629.6826504197065,467.9188165138889,1022.2070575662933
2022-06-06T00:00:00Z,2022-06-08T00:00:00Z,48,train,987.984375,2022-06-08,1,2,0,0,0,0,0,1036.269416,1037.261948,1063.843295,1089.794161,1064.613148,1008.889595,993.329499,1001.691995,1005.435566,1068.0348813333333,1076.1633850833332,1064.055013,1057.3174745,1070.4751068273804,1008.889595,1102.8686,25.997594375509472,11.22452986725663,17.16823230088499,3.7130309734513114,992.004364,963.438897,633.0050919135471,465.9564140157481,1025.5294990601337
2022-06-06T00:00:00Z,2022-06-09T00:00:00Z,72,train,1028.944007,2022-06-09,1,3,0,0,0,0,0,1036.269416,1037.261948,1063.843295,1089.794161,1064.613148,1008.889595,993.329499,1001.691995,1005.435566,1068.0348813333333,1076.1633850833332,1064.055013,1057.3174745,1070.4751068273804,1008.889595,1102.8686,25.997594375509472,11.22452986725663,17.16823230088499,3.7130309734513114,987.984375,987.743533,633.8301986137789,465.85852859352514,1026.3546057603658
2022-06-06T00:00:00Z,2022-06-10T00:00:00Z,96,train,1052.388105,2022-06-10,1,4,0,0,0,0,0,1036.269416,1037.261948,1063.843295,1089.794161,1064.613148,1008.889595,993.329499,1001.691995,1005.435566,1068.0348813333333,1076.1633850833332,1064.055013,1057.3174745,1070.4751068273804,1008.889595,1102.8686,25.997594375509472,11.22452986725663,17.16823230088499,3.7130309734513114,1028.944007,1001.691995,635.3362470107071,422.3128237868207,1027.860654157294
2022-06-06T00:00:00Z,2022-06-11T00:00:00Z,120,train,1040.425124,2022-06-11,1,5,1,0,0,0,0,1036.269416,1037.261948,1063.843295,1089.794161,1064.613148,1008.889595,993.329499,1001.691995,1005.435566,1068.0348813333333,1076.1633850833332,1064.055013,1057.3174745,1070.4751068273804,1008.889595,1102.8686,25.997594375509472,11.22452986725663,17.16823230088499,3.7130309734513114,1052.388105,993.329499,632.8778587927993,418.24502900961534,1025.402265939386
2022-06-06T00:00:00Z,2022-06-12T00:00:00Z,144,train,992.888258,2022-06-12,1,6,1,0,0,0,0,1036.269416,1037.261948,1063.843295,1089.794161,1064.613148,1008.889595,993.329499,1001.691995,1005.435566,1068.0348813333333,1076.1633850833332,1064.055013,1057.3174745,1070.4751068273804,1008.889595,1102.8686,25.997594375509472,11.22452986725663,17.16823230088499,3.7130309734513114,1040.425124,1008.889595,631.5929108951145,416.9603372538161,1024.1173180417013
2022-06-06T00:00:00Z,2022-06-13T00:00:00Z,168,train,978.991056,2022-06-13,1,0,0,0,0,0,0,1036.269416,1037.261948,1063.843295,1089.794161,1064.613148,1008.889595,993.329499,1001.691995,1005.435566,1068.0348813333333,1076.1633850833332,1064.055013,1057.3174745,1070.4751068273804,1008.889595,1102.8686,25.997594375509472,11.22452986725663,17.16823230088499,3.7130309734513114,992.888258,1015.826073,630.5512289967795,450.1392354221315,1023.0756361433663
2022-06-06T01:00:00Z,2022-06-06T02:00:00Z,1,train,1022.745969,2022-06-06,3,0,0,1,0,0,0,1015.826073,1036.269416,1037.261948,1091.242385,1073.564853,1030.054348,994.949864,1006.042947,1006.561238,1055.7068666666667,1072.0977954999998,1064.3440329166667,1057.7861531249998,1070.536955083333,1015.826073,1102.8686,25.414727070506352,10.853836464088413,16.617477348066245,34.964353591160176,1031.048606,1000.560087,631.6352080369221,455.1989708902443,1024.4486351001756
2022-06-06T01:00:00Z,2022-06-06T04:00:00Z,3,train,1043.181904,2022-06-06,5,0,0,1,0,0,0,1015.826073,1036.269416,1037.261948,1091.242385,1073.564853,1030.054348,994.949864,1006.042947,1006.561238,1055.7068666666667,1072.0977954999998,1064.3440329166667,1057.7861531249998,1070.536955083333,1015.826073,1102.8686,25.414727070506352,12.026499447513734,14.92779889502768,141.5266077348067,1032.411073,1077.847416,662.07175705962,489.2427780873987,1054.8851841228736
2022-06-06T01:00:00Z,2022-06-06T07:00:00Z,6,train,1083.896494,2022-06-06,8,0,0,1,0,0,0,1015.826073,1036.269416,1037.261948,1091.242385,1073.564853,1030.054348,994.949864,1006.042947,1006.561238,1055.7068666666667,1072.0977954999998,1064.3440329166667,1057.7861531249998,1070.536955083333,1015.826073,1102.8686,25.414727070506352,14.5045463576159,14.387059602649057,370.11008830022064,1077.050712,1134.036901,703.2450499045333,528.3984696088716,1096.0584769677869
2022-06-06T01:00:00Z,2022-06-06T13:00:00Z,12,train,1079.81006,2022-06-06,14,0,0,1,0,0,0,1015.826073,1036.269416,1037.261948,1091.242385,1073.564853,1030.054348,994.949864,1006.042947,1006.561238,1055.7068666666667,1072.0977954999998,1064.3440329166667,1057.7861531249998,1070.536955083333,1015.826073,1102.8686,25.414727070506352,16.885565600882025,16.683796030871022,470.3131973539123,1073.564853,1055.353274,688.8314220832235,517.2840916,1081.644849146477
2022-06-06T01:00:00Z,2022-06-07T01:00:00Z,24,train,985.66117,2022-06-07,2,1,0,0,0,0,0,1015.826073,1036.269416,1037.261948,1091.242385,1073.564853,1030.054348,994.949864,1006.042947,1006.561238,1055.7068666666667,1072.0977954999998,1064.3440329166667,1057.7861531249998,1070.536955083333,1015.826073,1102.8686,25.414727070506352,10.903315265486743,16.896136061947,11.793230088495642,1010.399549,899.499074,627.6351206071713,464.70101730952456,1020.4485476704249
2022-06-06T01:00:00Z,2022-06-08T01:00:00Z,48,train,1008.923226,2022-06-08,2,2,0,0,0,0,0,1015.826073,1036.269416,1037.261948,1091.242385,1073.564853,1030.054348,994.949864,1006.042947,1006.561238,1055.7068666666667,1072.0977954999998,1064.3440329166667,1057.7861531249998,1070.536955083333,1015.826073,1102.8686,25.414727070506352,10.903315265486743,16.896136061947,11.793230088495642,985.66117,985.059243,631.4336765908749,468.9055917696849,1024.2471036541285
2022-06-06T01:00:00Z,2022-06-09T01:00:00Z,72,train,1037.584008,2022-06-09,2,3,0,0,0,0,0,1015.826073,1036.269416,1037.261948,1091.242385,1073.564853,1030.054348,994.949864,1006.042947,1006.561238,1055.7068666666667,1072.0977954999998,1064.3440329166667,1057.7861531249998,1070.536955083333,1015.826073,1102.8686,25.414727070506352,10.903315265486743,16.896136061947,11.793230088495642,1008.923226,996.506105,632.0487491522101,467.08056334172676,1024.8621762154637
2022-06-06T01:00:00Z,2022-06-10T01:00:00Z,96,train,1043.958942,2022-06-10,2,4,0,0,0,0,0,1015.826073,1036.269416,1037.261948,1091.242385,1073.564853,1030.054348,994.949864,1006.042947,1006.561238,1055.7068666666667,1072.0977954999998,1064.3440329166667,1057.7861531249998,1070.536955083333,1015.826073,1102.8686,25.414727070506352,10.903315265486743,16.896136061947,11.793230088495642,1037.584008,1006.042947,632.7093982800798,420.1779072810075,1025.5228253433334
2022-06-06T01:00:00Z,2022-06-11T01:00:00Z,120,train,1037.858938,2022-06-11,2,5,1,0,0,0,0,1015.826073,1036.269416,1037.261948,1091.242385,1073.564853,1030.054348,994.949864,1006.042947,1006.561238,1055.7068666666667,1072.0977954999998,1064.3440329166667,1057.7861531249998,1070.536955083333,1015.826073,1102.8686,25.414727070506352,10.903315265486743,16.896136061947,11.793230088495642,1043.958942,994.949864,630.2267845765978,414.20502704807706,1023.0402116398513
2022-06-06T01:00:00Z,2022-06-12T01:00:00Z,144,train,973.956164,2022-06-12,2,6,1,0,0,0,0,1015.826073,1036.269416,1037.261948,1091.242385,1073.564853,1030.054348,994.949864,1006.042947,1006.561238,1055.7068666666667,1072.0977954999998,1064.3440329166667,1057.7861531249998,1070.536955083333,1015.826073,1102.8686,25.414727070506352,10.903315265486743,16.896136061947,11.793230088495642,1037.858938,1030.054348,627.9374033043088,412.6929236927474,1020.7508303675623
2022-06-06T01:00:00Z,2022-06-13T01:00:00Z,168,train,989.648296,2022-06-13,2,0,0,0,0,0,0,1015.826073,1036.269416,1037.261948,1091.242385,1073.564853,1030.054348,994.949864,1006.042947,1006.561238,1055.7068666666667,1072.0977954999998,1064.3440329166667,1057.7861531249998,1070.536955083333,1015.826073,1102.8686,25.414727070506352,10.903315265486743,16.896136061947,11.793230088495642,973.956164,1010.399549,629.0816863171199,447.7332462336069,1021.8951133803735
2022-06-06T02:00:00Z,2022-06-06T03:00:00Z,1,train,1020.218456,2022-06-06,4,0,0,1,0,0,0,1010.399549,1015.826073,1036.269416,1089.798083,1086.35529,1031.048606,1003.103634,1016.353394,1000.560087,1042.2330606666667,1066.8340201666665,1063.5250829583335,1058.1080215625,1070.5598021726184,1010.399549,1102.8686,26.786135255458344,11.253144751381251,16.053459668508264,79.022099447514,1025.113154,1024.531795,641.3279574612129,464.9813586829265,1033.3224345661333
2022-06-06T02:00:00Z,2022-06-06T05:00:00Z,3,train,1048.909741,2022-06-06,6,0,0,1,0,0,0,1010.399549,1015.826073,1036.269416,1089.798083,1086.35529,1031.048606,1003.103634,1016.353394,1000.560087,1042.2330606666667,1066.8340201666665,1063.5250829583335,1058.1080215625,1070.5598021726184,1010.399549,1102.8686,26.786135255458344,12.878972406181006,14.339149006622527,217.7716997792492,1042.971141,1110.776998,685.7607049194283,507.7833257217747,1077.7551820243489
2022-06-06T02:00:00Z,2022-06-06T08:00:00Z,6,train,1075.611094,2022-06-06,9,0,0,1,0,0,0,1010.399549,1015.826073,1036.269416,1089.798083,1086.35529,1031.048606,1003.103634,1016.353394,1000.560087,1042.2330606666667,1066.8340201666665,1063.5250829583335,1058.1080215625,1070.5598021726184,1010.399549,1102.8686,26.786135255458344,15.208698675496693,14.810555187637922,432.24274834437153,1076.082133,1090.682622,701.2420854603916,525.0631221693554,1093.236562565312
2022-06-06T02:00:00Z,2022-06-06T14:00:00Z,12,train,1102.689134,2022-06-06,15,0,0,1,0,0,0,1010.399549,1015.826073,1036.269416,1089.798083,1086.35529,1031.048606,1003.103634,1016.353394,1000.560087,1042.2330606666667,1066.8340201666665,1063.5250829583335,1058.1080215625,1070.5598021726184,1010.399549,1102.8686,26.786135255458344,16.836736493936108,16.809388092613048,421.76553472987973,1086.35529,1052.446872,692.7610815901514,517.4540751299999,1084.7555586950718
2022-06-06T02:00:00Z,2022-06-07T02:00:00Z,24,train,994.860424,2022-06-07,3,1,0,0,0,0,0,1010.399549,1015.826073,1036.269416,1089.798083,1086.35529,1031.048606,1003.103634,1016.353394,1000.560087,1042.2330606666667,1066.8340201666665,1063.5250829583335,1058.1080215625,1070.5598021726184,1010.399549,1102.8686,26.786135255458344,10.853836464088413,16.617477348066245,34.964353591160176,1022.745969,944.970836,630.5431909685599,467.6267343730158,1022.5376680734803
2022-06-06T02:00:00Z,2022-06-08T02:00:00Z,48,train,1016.747976,2022-06-08,3,2,0,0,0,0,0,1010.399549,1015.826073,1036.269416,1089.798083,1086.35529,1031.048606,1003.103634,1016.353394,1000.560087,1042.2330606666667,1066.8340201666665,1063.5250829583335,1058.1080215625,1070.5598021726184,1010.399549,1102.8686,26.786135255458344,10.853836464088413,16.617477348066245,34.964353591160176,994.860424,978.147638,634.6952400839012,474.2578859527549,1026.6897171888218
2022-06-06T02:00:00Z,2022-06-09T02:00:00Z,72,train,1044.574822,2022-06-09,3,3,0,0,0,0,0,1010.399549,1015.826073,1036.269416,1089.798083,1086.35529,1031.048606,1003.103634,1016.353394,1000.560087,1042.2330606666667,1066.8340201666665,1063.5250829583335,1058.1080215625,1070.5598021726184,1010.399549,1102.8686,26.786135255458344,10.853836464088413,16.617477348066245,34.964353591160176,1016.747976,1025.654557,635.6285152375846,468.88389794604353,1027.6229923425049
2022-06-06T02:00:00Z,2022-06-10T02:00:00Z,96,train,1064.981503,2022-06-10,3,4,0,0,0,0,0,1010.399549,1015.826073,1036.269416,1089.798083,1086.35529,1031.048606,1003.103634,1016.353394,1000.560087,1042.2330606666667,1066.8340201666665,1063.5250829583335,1058.1080215625,1070.5598021726184,1010.399549,1102.8686,26.786135255458344,10.853836464088413,16.617477348066245,34.964353591160176,1044.574822,1016.353394,635.9818724179167,426.0943031162785,1027.9763495228372
2022-06-06T02:00:00Z,2022-06-11T02:00:00Z,120,train,1038.759741,2022-06-11,3,5,1,0,0,0,0,1010.399549,1015.826073,1036.269416,1089.798083,1086.35529,1031.048606,1003.103634,1016.353394,1000.560087,1042.2330606666667,1066.8340201666665,1063.5250829583335,1058.1080215625,1070.5598021726184,1010.399549,1102.8686,26.786135255458344,10.853836464088413,16.617477348066245,34.964353591160176,1064.981503,1003.103634,630.5052720689573,412.8597639942305,1022.4997491738777
2022-06-06T02:00:00Z,2022-06-12T02:00:00Z,144,train,981.342036,2022-06-12,3,6,1,0,0,0,0,1010.399549,1015.826073,1036.269416,1089.798083,1086.35529,1031.048606,1003.103634,1016.353394,1000.560087,1042.2330606666667,1066.8340201666665,1063.5250829583335,1058.1080215625,1070.5598021726184,1010.399549,1102.8686,26.786135255458344,10.853836464088413,16.617477348066245,34.964353591160176,1038.759741,1031.048606,628.014814365583,412.6044325209914,1020.0092914705034
2022-06-06T02:00:00Z,2022-06-13T02:00:00Z,168,train,1012.958163,2022-06-13,3,0,0,0,0,0,0,1010.399549,1015.826073,1036.269416,1089.798083,1086.35529,1031.048606,1003.103634,1016.353394,1000.560087,1042.2330606666667,1066.8340201666665,1063.5250829583335,1058.1080215625,1070.5598021726184,1010.399549,1102.8686,26.786135255458344,10.853836464088413,16.617477348066245,34.964353591160176,981.342036,1022.745969,631.6352080369221,455.1989708902443,1023.6296851418425
2022-06-06T03:00:00Z,2022-06-06T04:00:00Z,1,train,1043.181904,2022-06-06,5,0,0,1,0,0,0,1022.745969,1010.399549,1015.826073,1063.843295,1087.572883,1025.113154,1011.841029,1038.608285,1024.531795,1031.0577083333333,1061.5332434166664,1063.17913975,1058.517236875,1070.6918609940471,1010.399549,1102.8686,27.25288313867696,12.026499447513734,14.92779889502768,141.5266077348067,1032.411073,1077.847416,662.07175705962,489.2427780873987,1053.720290956207
2022-06-06T03:00:00Z,2022-06-06T06:00:00Z,3,train,1066.597505,2022-06-06,7,0,0,1,0,0,0,1022.745969,1010.399549,1015.826073,1063.843295,1087.572883,1025.113154,1011.841029,1038.608285,1024.531795,1031.0577083333333,1061.5332434166664,1063.17913975,1058.517236875,1070.6918609940471,1010.399549,1102.8686,27.25288313867696,13.723294701986715,14.175866445916164,297.9056732891816,1066.382721,1122.253178,698.0820092117459,519.2379737197585,1089.7305431083328
2022-06-06T03:00:00Z,2022-06-06T09:00:00Z,6,train,1078.429713,2022-06-06,10,0,0,1,0,0,0,1022.745969,1010.399549,1015.826073,1063.843295,1087.572883,1025.113154,1011.841029,1038.608285,1024.531795,1031.0577083333333,1061.5332434166664,1063.17913975,1058.517236875,1070.6918609940471,1010.399549,1102.8686,27.25288313867696,15.788658940397376,15.32618874172186,477.78828918322444,1073.286667,1074.040052,696.8774497418729,527.2542430423391,1088.5259836384598
2022-06-06T03:00:00Z,2022-06-06T15:00:00Z,12,train,1110.144209,2022-06-06,16,0,0,1,0,0,0,1022.745969,1010.399549,1015.826073,1063.843295,1087.572883,1025.113154,1011.841029,1038.608285,1024.531795,1031.0577083333333,1061.5332434166664,1063.17913975,1058.517236875,1070.6918609940471,1010.399549,1102.8686,27.25288313867696,16.662119073869892,16.645442116868736,363.9930319735375,1087.572883,1051.880579,694.7082892029767,520.7178581459998,1086.3568230995638
2022-06-06T03:00:00Z,2022-06-07T03:00:00Z,24,train,1029.920504,2022-06-07,4,1,0,0,0,0,0,1022.745969,1010.399549,1015.826073,1063.843295,1087.572883,1025.113154,1011.841029,1038.608285,1024.531795,1031.0577083333333,1061.5332434166664,1063.17913975,1058.517236875,1070.6918609940471,1010.399549,1102.8686,27.25288313867696,11.253144751381251,16.053459668508264,79.022099447514,1020.218456,980.090792,639.5184894526735,478.81616816666775,1031.1670233492605
2022-06-06T03:00:00Z,2022-06-08T03:00:00Z,48,train,1044.124596,2022-06-08,4,2,0,0,0,0,0,1022.745969,1010.399549,1015.826073,1063.843295,1087.572883,1025.113154,1011.841029,1038.608285,1024.531795,1031.0577083333333,1061.5332434166664,1063.17913975,1058.517236875,1070.6918609940471,1010.399549,1102.8686,27.25288313867696,11.253144751381251,16.053459668508264,79.022099447514,1029.920504,1015.589091,644.7916092651436,485.0930200807087,1036.4401431617307
2022-06-06T03:00:00Z,2022-06-09T03:00:00Z,72,train,1075.364453,2022-06-09,4,3,0,0,0,0,0,1022.745969,1010.399549,1015.826073,1063.843295,1087.572883,1025.113154,1011.841029,1038.608285,1024.531795,1031.0577083333333,1061.5332434166664,1063.17913975,1058.517236875,1070.6918609940471,1010.399549,1102.8686,27.25288313867696,11.253144751381251,16.053459668508264,79.022099447514,1044.124596,1054.280564,646.0232993947245,479.01718021223,1037.6718332913115
2022-06-06T03:00:00Z,2022-06-10T03:00:00Z,96,train,1094.389897,2022-06-10,4,4,0,0,0,0,0,1022.745969,1010.399549,1015.826073,1063.843295,1087.572883,1025.113154,1011.841029,1038.608285,1024.531795,1031.0577083333333,1061.5332434166664,1063.17913975,1058.517236875,1070.6918609940471,1010.399549,1102.8686,27.25288313867696,11.253144751381251,16.053459668508264,79.022099447514,1075.364453,1038.608285,645.1123395040764,431.45646078682046,1036.7608734006635
2022-06-06T03:00:00Z,2022-06-11T03:00:00Z,120,train,1058.439003,2022-06-11,4,5,1,0,0,0,0,1022.745969,1010.399549,1015.826073,1063.843295,1087.572883,1025.113154,1011.841029,1038.608285,1024.531795,1031.0577083333333,1061.5332434166664,1063.17913975,1058.517236875,1070.6918609940471,1010.399549,1102.8686,27.25288313867696,11.253144751381251,16.053459668508264,79.022099447514,1094.389897,1011.841029,631.9392231659336,415.89818586538405,1023.5877570625206
2022-06-06T03:00:00Z,2022-06-12T03:00:00Z,144,train,1001.912065,2022-06-12,4,6,1,0,0,0,0,1022.745969,1010.399549,1015.826073,1063.843295,1087.572883,1025.113154,1011.841029,1038.608285,1024.531795,1031.0577083333333,1061.5332434166664,1063.17913975,1058.517236875,1070.6918609940471,1010.399549,1102.8686,27.25288313867696,11.253144751381251,16.053459668508264,79.022099447514,1058.439003,1025.113154,630.3362935049207,413.8360015782447,1021.9848274015077
2022-06-06T03:00:00Z,2022-06-13T03:00:00Z,168,train,1056.445725,2022-06-13,4,0,0,0,0,0,0,1022.745969,1010.399549,1015.826073,1063.843295,1087.572883,1025.113154,1011.841029,1038.608285,1024.531795,1031.0577083333333,1061.5332434166664,1063.17913975,1058.517236875,1070.6918609940471,1010.399549,1102.8686,27.25288313867696,11.253144751381251,16.053459668508264,79.022099447514,1001.912065,1020.218456,641.3279574612129,464.9813586829265,1032.9764913578
2022-06-06T04:00:00Z,2022-06-06T05:00:00Z,1,train,1048.909741,2022-06-06,6,0,0,1,0,0,0,1020.218456,1022.745969,1010.399549,1037.261948,1090.776559,1032.411073,1019.186957,1090.348908,1077.847416,1023.7869018333332,1055.9203744999998,1062.9751939999999,1058.6917666041668,1070.6661863571424,1010.399549,1102.8686,27.55364023831732,12.878972406181006,14.339149006622527,217.7716997792492,1042.971141,1110.776998,685.7607049194283,507.7833257217747,1077.2052930660152
2022-06-06T04:00:00Z,2022-06-06T07:00:00Z,3,train,1083.896494,2022-06-06,8,0,0,1,0,0,0,1020.218456,1022.745969,1010.399549,1037.261948,1090.776559,1032.411073,1019.186957,1090.348908,1077.847416,1023.7869018333332,1055.9203744999998,1062.9751939999999,1058.6917666041668,1070.6661863571424,1010.399549,1102.8686,27.55364023831732,14.5045463576159,14.387059602649057,370.11008830022064,1077.050712,1134.036901,703.2450499045333,528.3984696088716,1094.68963805112
2022-06-06T04:00:00Z,2022-06-06T10:00:00Z,6,train,1070.852729,2022-06-06,11,0,0,1,0,0,0,1020.218456,1022.745969,1010.399549,1037.261948,1090.776559,1032.411073,1019.186957,1090.348908,1077.847416,1023.7869018333332,1055.9203744999998,1062.9751939999999,1058.6917666041668,1070.6661863571424,1010.399549,1102.8686,27.55364023831732,16.27917439293596,15.32182781456952,510.64173289183043,1088.374161,1070.240797,693.9488060074452,526.1456369233874,1085.393394154032
2022-06-06T04:00:00Z,2022-06-06T16:00:00Z,12,train,1114.844338,2022-06-06,17,0,0,1,0,0,0,1020.218456,1022.745969,1010.399549,1037.261948,1090.776559,1032.411073,1019.186957,1090.348908,1077.847416,1023.7869018333332,1055.9203744999998,1062.9751939999999,1058.6917666041668,1070.6661863571424,1010.399549,1102.8686,27.55364023831732,16.34370231532528,16.284248070562267,294.07020948180707,1090.776559,1051.551581,694.1184316654252,519.8650133899998,1085.563019812012
2022-06-06T04:00:00Z,2022-06-07T04:00:00Z,24,train,1107.779291,2022-06-07,5,1,0,0,0,0,0,1020.218456,1022.745969,1010.399549,1037.261948,1090.776559,1032.411073,1019.186957,1090.348908,1077.847416,1023.7869018333332,1055.9203744999998,1062.9751939999999,1058.6917666041668,1070.6661863571424,1010.399549,1102.8686,27.55364023831732,12.026499447513734,14.92779889502768,141.5266077348067,1043.181904,1049.097864,661.228595181033,499.3091937222227,1052.6731833276199
2022-06-06T04:00:00Z,2022-06-08T04:00:00Z,48,train,1112.534116,2022-06-08,5,2,0,0,0,0,0,1020.218456,1022.745969,1010.399549,1037.261948,1090.776559,1032.411073,1019.186957,1090.348908,1077.847416,1023.7869018333332,1055.9203744999998,1062.9751939999999,1058.6917666041668,1070.6661863571424,1010.399549,1102.8686,27.55364023831732,12.026499447513734,14.92779889502768,141.5266077348067,1107.779291,1104.250981,665.5394375874758,505.7065504055115,1056.9840257340625
2022-06-06T04:00:00Z,2022-06-09T04:00:00Z,72,train,1147.161124,2022-06-09,5,3,0,0,0,0,0,1020.218456,1022.745969,1010.399549,1037.261948,1090.776559,1032.411073,1019.186957,1090.348908,1077.847416,1023.7869018333332,1055.9203744999998,1062.9751939999999,1058.6917666041668,1070.6661863571424,1010.399549,1102.8686,27.55364023831732,12.026499447513734,14.92779889502768,141.5266077348067,1112.534116,1104.491707,667.8598389841832,506.31286958633063,1059.30442713077
2022-06-06T04:00:00Z,2022-06-10T04:00:00Z,96,train,1145.878758,2022-06-10,5,4,0,0,0,0,0,1020.218456,1022.745969,1010.399549,1037.261948,1090.776559,1032.411073,1019.186957,1090.348908,1077.847416,1023.7869018333332,1055.9203744999998,1062.9751939999999,1058.6917666041668,1070.6661863571424,1010.399549,1102.8686,27.55364023831732,12.026499447513734,14.92779889502768,141.5266077348067,1147.161124,1090.348908,665.7125546074107,449.2005104437978,1057.1571427539975
2022-06-06T04:00:00Z,2022-06-11T04:00:00Z,120,train,1061.795965,2022-06-11,5,5,1,0,0,0,0,1020.218456,1022.745969,1010.399549,1037.261948,1090.776559,1032.411073,1019.186957,1090.348908,1077.847416,1023.7869018333332,1055.9203744999998,1062.9751939999999,1058.6917666041668,1070.6661863571424,1010.399549,1102.8686,27.55364023831732,12.026499447513734,14.92779889502768,141.5266077348067,1145.878758,1019.186957,637.1002851579494,423.0446819019227,1028.5448733045362
2022-06-06T04:00:00Z,2022-06-12T04:00:00Z,144,train,1012.834406,2022-06-12,5,6,1,0,0,0,0,1020.218456,1022.745969,1010.399549,1037.261948,1090.776559,1032.411073,1019.186957,1090.348908,1077.847416,1023.7869018333332,1055.9203744999998,1062.9751939999999,1058.6917666041668,1070.6661863571424,1010.399549,1102.8686,27.55364023831732,12.026499447513734,14.92779889502768,141.5266077348067,1061.795965,1032.411073,633.3066750168081,421.3997036984735,1024.751263163395
2022-06-06T04:00:00Z,2022-06-13T04:00:00Z,168,train,1109.657186,2022-06-13,5,0,0,0,0,0,0,1020.218456,1022.745969,1010.399549,1037.261948,1090.776559,1032.411073,1019.186957,1090.348908,1077.847416,1023.7869018333332,1055.9203744999998,1062.9751939999999,1058.6917666041668,1070.6661863571424,1010.399549,1102.8686,27.55364023831732,12.026499447513734,14.92779889502768,141.5266077348067,1012.834406,1043.181904,662.07175705962,489.2427780873987,1053.5163452062068
2022-06-06T05:00:00Z,2022-06-06T06:00:00Z,1,train,1066.597505,2022-06-06,7,0,0,1,0,0,0,1043.181904,1020.218456,1022.745969,1036.269416,1102.8686,1042.971141,1020.930304,1147.175065,1110.776998,1024.7735611666667,1051.95415325,1063.4239786249998,1059.1916613333333,1070.459844023809,1010.399549,1102.8686,27.13672881781032,13.723294701986715,14.175866445916164,297.9056732891816,1066.382721,1122.253178,698.0820092117459,519.2379737197585,1089.9753819833327
2022-06-06T05:00:00Z,2022-06-06T08:00:00Z,3,train,1075.611094,2022-06-06,9,0,0,1,0,0,0,1043.181904,1020.218456,1022.745969,1036.269416,1102.8686,1042.971141,1020.930304,1147.175065,1110.776998,1024.7735611666667,1051.95415325,1063.4239786249998,1059.1916613333333,1070.459844023809,1010.399549,1102.8686,27.13672881781032,15.208698675496693,14.810555187637922,432.24274834437153,1076.082133,1090.682622,701.2420854603916,525.0631221693554,1093.1354582319782
2022-06-06T05:00:00Z,2022-06-06T11:00:00Z,6,train,1084.036344,2022-06-06,12,0,0,1,0,0,0,1043.181904,1020.218456,1022.745969,1036.269416,1102.8686,1042.971141,1020.930304,1147.175065,1110.776998,1024.7735611666667,1051.95415325,1063.4239786249998,1059.1916613333333,1070.459844023809,1010.399549,1102.8686,27.13672881781032,16.630164277839018,15.958022050716691,518.5229768467462,1071.69538,1058.18954,690.4129265404233,525.5129928120002,1082.30629931201
2022-06-06T05:00:00Z,2022-06-06T17:00:00Z,12,train,1110.967935,2022-06-06,18,0,0,1,0,0,0,1043.181904,1020.218456,1022.745969,1036.269416,1102.8686,1042.971141,1020.930304,1147.175065,1110.776998,1024.7735611666667,1051.95415325,1063.4239786249998,1059.1916613333333,1070.459844023809,1010.399549,1102.8686,27.13672881781032,15.906065049614078,16.032605292171937,221.74971334068368,1102.8686,1033.025451,691.4291965429643,518.6084337060005,1083.322569314551
2022-06-06T05:00:00Z,2022-06-07T05:00:00Z,24,train,1124.394254,2022-06-07,6,1,0,0,0,0,0,1043.181904,1020.218456,1022.745969,1036.269416,1102.8686,1042.971141,1020.930304,1147.175065,1110.776998,1024.7735611666667,1051.95415325,1063.4239786249998,1059.1916613333333,1070.459844023809,1010.399549,1102.8686,27.13672881781032,12.878972406181006,14.339149006622527,217.7716997792492,1048.909741,1094.046814,682.6195587344438,513.9322743869049,1074.5129315060303
2022-06-06T05:00:00Z,2022-06-08T05:00:00Z,48,train,1159.823206,2022-06-08,6,2,0,0,0,0,0,1043.181904,1020.218456,1022.745969,1036.269416,1102.8686,1042.971141,1020.930304,1147.175065,1110.776998,1024.7735611666667,1051.95415325,1063.4239786249998,1059.1916613333333,1070.459844023809,1010.399549,1102.8686,27.13672881781032,12.878972406181006,14.339149006622527,217.7716997792492,1124.394254,1140.897929,685.6965942200505,522.1066109960633,1077.589966991637
2022-06-06T05:00:00Z,2022-06-09T05:00:00Z,72,train,1171.629697,2022-06-09,6,3,0,0,0,0,0,1043.181904,1020.218456,1022.745969,1036.269416,1102.8686,1042.971141,1020.930304,1147.175065,1110.776998,1024.7735611666667,1051.95415325,1063.4239786249998,1059.1916613333333,1070.459844023809,1010.399549,1102.8686,27.13672881781032,12.878972406181006,14.339149006622527,217.7716997792492,1159.823206,1137.234989,689.7008218156424,517.4303207679858,1081.5941945872291
2022-06-06T05:00:00Z,2022-06-10T05:00:00Z,96,train,1175.937022,2022-06-10,6,4,0,0,0,0,0,1043.181904,1020.218456,1022.745969,1036.269416,1102.8686,1042.971141,1020.930304,1147.175065,1110.776998,1024.7735611666667,1051.95415325,1063.4239786249998,1059.1916613333333,1070.459844023809,1010.399549,1102.8686,27.13672881781032,12.878972406181006,14.339149006622527,217.7716997792492,1171.629697,1147.175065,689.414354133754,462.126585001938,1081.3077269053406
2022-06-06T05:00:00Z,2022-06-11T05:00:00Z,120,train,1084.046177,2022-06-11,6,5,1,0,0,0,0,1043.181904,1020.218456,1022.745969,1036.269416,1102.8686,1042.971141,1020.930304,1147.175065,1110.776998,1024.7735611666667,1051.95415325,1063.4239786249998,1059.1916613333333,1070.459844023809,1010.399549,1102.8686,27.13672881781032,12.878972406181006,14.339149006622527,217.7716997792492,1175.937022,1020.930304,646.2602711778204,430.69097100961557,1038.153643949407
2022-06-06T05:00:00Z,2022-06-12T05:00:00Z,144,train,1029.161024,2022-06-12,6,6,1,0,0,0,0,1043.181904,1020.218456,1022.745969,1036.269416,1102.8686,1042.971141,1020.930304,1147.175065,1110.776998,1024.7735611666667,1051.95415325,1063.4239786249998,1059.1916613333333,1070.459844023809,1010.399549,1102.8686,27.13672881781032,12.878972406181006,14.339149006622527,217.7716997792492,1084.046177,1042.971141,640.6193082954878,427.81432141221376,1032.5126810670745
2022-06-06T05:00:00Z,2022-06-13T05:00:00Z,168,train,1103.512318,2022-06-13,6,0,0,0,0,0,0,1043.181904,1020.218456,1022.745969,1036.269416,1102.8686,1042.971141,1020.930304,1147.175065,1110.776998,1024.7735611666667,1051.95415325,1063.4239786249998,1059.1916613333333,1070.459844023809,1010.399549,1102.8686,27.13672881781032,12.878972406181006,14.339149006622527,217.7716997792492,1029.161024,1048.909741,685.7607049194283,507.7833257217747,1077.6540776910151
2022-06-06T06:00:00Z,2022-06-06T07:00:00Z,1,train,1083.896494,2022-06-06,8,0,0,1,0,0,0,1048.909741,1043.181904,1020.218456,1015.826073,1089.794161,1066.382721,1036.984853,1112.496496,1122.253178,1026.880282,1047.4575816666666,1063.6714202916667,1059.7745662708335,1070.0915865416664,1010.399549,1102.8686,26.975702255449356,14.5045463576159,14.387059602649057,370.11008830022064,1077.050712,1134.036901,703.2450499045333,528.3984696088716,1095.3858643427868
2022-06-06T06:00:00Z,2022-06-06T09:00:00Z,3,train,1078.429713,2022-06-06,10,0,0,1,0,0,0,1048.909741,1043.181904,1020.218456,1015.826073,1089.794161,1066.382721,1036.984853,1112.496496,1122.253178,1026.880282,1047.4575816666666,1063.6714202916667,1059.7745662708335,1070.0915865416664,1010.399549,1102.8686,26.975702255449356,15.788658940397376,15.32618874172186,477.78828918322444,1073.286667,1074.040052,696.8774497418729,527.2542430423391,1089.0182641801264
2022-06-06T06:00:00Z,2022-06-06T12:00:00Z,6,train,1068.513924,2022-06-06,13,0,0,1,0,0,0,1048.909741,1043.181904,1020.218456,1015.826073,1089.794161,1066.382721,1036.984853,1112.496496,1122.253178,1026.880282,1047.4575816666666,1063.6714202916667,1059.7745662708335,1070.0915865416664,1010.399549,1102.8686,26.975702255449356,16.832265711135648,16.37984454244764,505.2317420066163,1064.613148,1041.649891,686.7999493130917,521.2770471320005,1078.9407637513452
2022-06-06T06:00:00Z,2022-06-06T18:00:00Z,12,train,1083.373196,2022-06-06,19,0,0,1,0,0,0,1048.909741,1043.181904,1020.218456,1015.826073,1089.794161,1066.382721,1036.984853,1112.496496,1122.253178,1026.880282,1047.4575816666666,1063.6714202916667,1059.7745662708335,1070.0915865416664,1010.399549,1102.8686,26.975702255449356,15.332428886438827,16.114885336273513,152.89980154354987,1089.794161,1004.15591,687.4268026207732,512.8223794500002,1079.5676170590268
2022-06-06T06:00:00Z,2022-06-07T06:00:00Z,24,train,1123.08879,2022-06-07,7,1,0,0,0,0,0,1048.909741,1043.181904,1020.218456,1015.826073,1089.794161,1066.382721,1036.984853,1112.496496,1122.253178,1026.880282,1047.4575816666666,1063.6714202916667,1059.7745662708335,1070.0915865416664,1010.399549,1102.8686,26.975702255449356,13.723294701986715,14.175866445916164,297.9056732891816,1066.597505,1124.462044,692.8604169915465,517.9408475515876,1085.0012314298
2022-06-06T06:00:00Z,2022-06-08T06:00:00Z,48,train,1152.924914,2022-06-08,7,2,0,0,0,0,0,1048.909741,1043.181904,1020.218456,1015.826073,1089.794161,1066.382721,1036.984853,1112.496496,1122.253178,1026.880282,1047.4575816666666,1063.6714202916667,1059.7745662708335,1070.0915865416664,1010.399549,1102.8686,26.975702255449356,13.723294701986715,14.175866445916164,297.9056732891816,1123.08879,1146.782644,694.0516252135792,526.114828198818,1086.1924396518327
2022-06-06T06:00:00Z,2022-06-09T06:00:00Z,72,train,1176.271274,2022-06-09,7,3,0,0,0,0,0,1048.909741,1043.181904,1020.218456,1015.826073,1089.794161,1066.382721,1036.984853,1112.496496,1122.253178,1026.880282,1047.4575816666666,1063.6714202916667,1059.7745662708335,1070.0915865416664,1010.399549,1102.8686,26.975702255449356,13.723294701986715,14.175866445916164,297.9056732891816,1152.924914,1149.718661,698.5768711430255,522.3927152805744,1090.717685581279
2022-06-06T06:00:00Z,2022-06-10T06:00:00Z,96,train,1199.264435,2022-06-10,7,4,0,0,0,0,0,1048.909741,1043.181904,1020.218456,1015.826073,1089.794161,1066.382721,1036.984853,1112.496496,1122.253178,1026.880282,1047.4575816666666,1063.6714202916667,1059.7745662708335,1070.0915865416664,1010.399549,1102.8686,26.975702255449356,13.723294701986715,14.175866445916164,297.9056732891816,1176.271274,1112.496496,700.553046274815,471.73533397480696,1092.6938607130685
2022-06-06T06:00:00Z,2022-06-11T06:00:00Z,120,train,1084.657269,2022-06-11,7,5,1,0,0,0,0,1048.909741,1043.181904,1020.218456,1015.826073,1089.794161,1066.382721,1036.984853,1112.496496,1122.253178,1026.880282,1047.4575816666666,1063.6714202916667,1059.7745662708335,1070.0915865416664,1010.399549,1102.8686,26.975702255449356,13.723294701986715,14.175866445916164,297.9056732891816,1199.264435,1036.984853,658.025698390114,439.17259213846086,1050.1665128283676
2022-06-06T06:00:00Z,2022-06-12T06:00:00Z,144,train,1053.748909,2022-06-12,7,6,1,0,0,0,0,1048.909741,1043.181904,1020.218456,1015.826073,1089.794161,1066.382721,1036.984853,1112.496496,1122.253178,1026.880282,1047.4575816666666,1063.6714202916667,1059.7745662708335,1070.0915865416664,1010.399549,1102.8686,26.975702255449356,13.723294701986715,14.175866445916164,297.9056732891816,1084.657269,1066.382721,651.5937662953123,439.904045730916,1043.734580733566
2022-06-06T06:00:00Z,2022-06-13T06:00:00Z,168,train,1124.594941,2022-06-13,7,0,0,0,0,0,0,1048.909741,1043.181904,1020.218456,1015.826073,1089.794161,1066.382721,1036.984853,1112.496496,1122.253178,1026.880282,1047.4575816666666,1063.6714202916667,1059.7745662708335,1070.0915865416664,1010.399549,1102.8686,26.975702255449356,13.723294701986715,14.175866445916164,297.9056732891816,1053.748909,1066.597505,698.0820092117459,519.2379737197585,1090.2228236499996
2022-06-06T07:00:00Z,2022-06-06T08:00:00Z,1,train,1075.611094,2022-06-06,9,0,0,1,0,0,0,1066.597505,1048.909741,1043.181904,1010.399549,1091.242385,1077.050712,1068.753393,1130.564404,1134.036901,1035.3421873333334,1045.524527,1063.6803696250001,1060.3914965208335,1069.7603027738091,1010.399549,1102.8686,26.976635871162856,15.208698675496693,14.810555187637922,432.24274834437153,1076.082133,1090.682622,701.2420854603916,525.0631221693554,1093.3918492319785
2022-06-06T07:00:00Z,2022-06-06T10:00:00Z,3,train,1070.852729,2022-06-06,11,0,0,1,0,0,0,1066.597505,1048.909741,1043.181904,1010.399549,1091.242385,1077.050712,1068.753393,1130.564404,1134.036901,1035.3421873333334,1045.524527,1063.6803696250001,1060.3914965208335,1069.7603027738091,1010.399549,1102.8686,26.976635871162856,16.27917439293596,15.32182781456952,510.64173289183043,1088.374161,1070.240797,693.9488060074452,526.1456369233874,1086.0985697790322
2022-06-06T07:00:00Z,2022-06-06T13:00:00Z,6,train,1079.81006,2022-06-06,14,0,0,1,0,0,0,1066.597505,1048.909741,1043.181904,1010.399549,1091.242385,1077.050712,1068.753393,1130.564404,1134.036901,1035.3421873333334,1045.524527,1063.6803696250001,1060.3914965208335,1069.7603027738091,1010.399549,1102.8686,26.976635871162856,16.885565600882025,16.683796030871022,470.3131973539123,1073.564853,1055.353274,688.8314220832235,517.2840916,1080.9811858548105
2022-06-06T07:00:00Z,2022-06-06T19:00:00Z,12,train,1088.472153,2022-06-06,20,0,0,1,0,0,0,1066.597505,1048.909741,1043.181904,1010.399549,1091.242385,1077.050712,1068.753393,1130.564404,1134.036901,1035.3421873333334,1045.524527,1063.6803696250001,1060.3914965208335,1069.7603027738091,1010.399549,1102.8686,26.976635871162856,14.622750826901806,16.537897464167607,93.79349503858892,1091.242385,1002.26736,680.8556092330847,507.32992036199994,1073.0053730046716
2022-06-06T07:00:00Z,2022-06-07T07:00:00Z,24,train,1109.0565,2022-06-07,8,1,0,0,0,0,0,1066.597505,1048.909741,1043.181904,1010.399549,1091.242385,1077.050712,1068.753393,1130.564404,1134.036901,1035.3421873333334,1045.524527,1063.6803696250001,1060.3914965208335,1069.7603027738091,1010.399549,1102.8686,26.976635871162856,14.5045463576159,14.387059602649057,370.11008830022064,1083.896494,1136.789202,698.0601068551393,522.0939516884919,1090.2098706267263
2022-06-06T07:00:00Z,2022-06-08T07:00:00Z,48,train,1164.500218,2022-06-08,8,2,0,0,0,0,0,1066.597505,1048.909741,1043.181904,1010.399549,1091.242385,1077.050712,1068.753393,1130.564404,1134.036901,1035.3421873333334,1045.524527,1063.6803696250001,1060.3914965208335,1069.7603027738091,1010.399549,1102.8686,26.976635871162856,14.5045463576159,14.387059602649057,370.11008830022064,1109.0565,1168.894183,697.435708366921,525.3660387263776,1089.585472138508
2022-06-06T07:00:00Z,2022-06-09T07:00:00Z,72,train,1188.807147,2022-06-09,8,3,0,0,0,0,0,1066.597505,1048.909741,1043.181904,1010.399549,1091.242385,1077.050712,1068.753393,1130.564404,1134.036901,1035.3421873333334,1045.524527,1063.6803696250001,1060.3914965208335,1069.7603027738091,1010.399549,1102.8686,26.976635871162856,14.5045463576159,14.387059602649057,370.11008830022064,1164.500218,1158.639775,701.9020438870751,532.9085752266171,1094.0518076586623
2022-06-06T07:00:00Z,2022-06-10T07:00:00Z,96,train,1195.998248,2022-06-10,8,4,0,0,0,0,0,1066.597505,1048.909741,1043.181904,1010.399549,1091.242385,1077.050712,1068.753393,1130.564404,1134.036901,1035.3421873333334,1045.524527,1063.6803696250001,1060.3914965208335,1069.7603027738091,1010.399549,1102.8686,26.976635871162856,14.5045463576159,14.387059602649057,370.11008830022064,1188.807147,1130.564404,706.725225391228,479.3413301298452,1098.874989162815
2022-06-06T07:00:00Z,2022-06-11T07:00:00Z,120,train,1129.655895,2022-06-11,8,5,1,0,0,0,0,1066.597505,1048.909741,1043.181904,1010.399549,1091.242385,1077.050712,1068.753393,1130.564404,1134.036901,1035.3421873333334,1045.524527,1063.6803696250001,1060.3914965208335,1069.7603027738091,1010.399549,1102.8686,26.976635871162856,14.5045463576159,14.387059602649057,370.11008830022064,1195.998248,1068.753393,669.8336550568982,452.03014543846143,1061.9834188284854
2022-06-06T07:00:00Z,2022-06-12T07:00:00Z,144,train,1081.383619,2022-06-12,8,6,1,0,0,0,0,1066.597505,1048.909741,1043.181904,1010.399549,1091.242385,1077.050712,1068.753393,1130.564404,1134.036901,1035.3421873333334,1045.524527,1063.6803696250001,1060.3914965208335,1069.7603027738091,1010.399549,1102.8686,26.976635871162856,14.5045463576159,14.387059602649057,370.11008830022064,1129.655895,1077.050712,663.4367482513553,453.9112103129776,1055.5865120229423
2022-06-06T07:00:00Z,2022-06-13T07:00:00Z,168,train,1132.835725,2022-06-13,8,0,0,0,0,0,0,1066.597505,1048.909741,1043.181904,1010.399549,1091.242385,1077.050712,1068.753393,1130.564404,1134.036901,1035.3421873333334,1045.524527,1063.6803696250001,1060.3914965208335,1069.7603027738091,1010.399549,1102.8686,26.976635871162856,14.5045463576159,14.387059602649057,370.11008830022064,1081.383619,1083.896494,703.2450499045333,528.3984696088716,1095.3948136761203
2022-06-06T08:00:00Z,2022-06-06T09:00:00Z,1,train,1078.429713,2022-06-06,10,0,0,1,0,0,0,1083.896494,1066.597505,1048.909741,1022.745969,1089.798083,1076.082133,1083.297416,1141.616093,1090.682622,1047.5916781666667,1044.9123694166667,1063.9656105416668,1060.7069777916668,1069.4618479702378,1010.399549,1102.8686,27.152122478880624,15.788658940397376,15.32618874172186,477.78828918322444,1073.286667,1074.040052,696.8774497418729,527.2542430423391,1089.3124544301265
2022-06-06T08:00:00Z,2022-06-06T11:00:00Z,3,train,1084.036344,2022-06-06,12,0,0,1,0,0,0,1083.896494,1066.597505,1048.909741,1022.745969,1089.798083,1076.082133,1083.297416,1141.616093,1090.682622,1047.5916781666667,1044.9123694166667,1063.9656105416668,1060.7069777916668,1069.4618479702378,1010.399549,1102.8686,27.152122478880624,16.630164277839018,15.958022050716691,518.5229768467462,1071.69538,1058.18954,690.4129265404233,525.5129928120002,1082.847931228677
2022-06-06T08:00:00Z,2022-06-06T14:00:00Z,6,train,1102.689134,2022-06-06,15,0,0,1,0,0,0,1083.896494,1066.597505,1048.909741,1022.745969,1089.798083,1076.082133,1083.297416,1141.616093,1090.682622,1047.5916781666667,1044.9123694166667,1063.9656105416668,1060.7069777916668,1069.4618479702378,1010.399549,1102.8686,27.152122478880624,16.836736493936108,16.809388092613048,421.76553472987973,1086.35529,1052.446872,692.7610815901514,517.4540751299999,1085.1960862784051
2022-06-06T08:00:00Z,2022-06-06T20:00:00Z,12,train,1077.438443,2022-06-06,21,0,0,1,0,0,0,1083.896494,1066.597505,1048.909741,1022.745969,1089.798083,1076.082133,1083.297416,1141.616093,1090.682622,1047.5916781666667,1044.9123694166667,1063.9656105416668,1060.7069777916668,1069.4618479702378,1010.399549,1102.8686,27.152122478880624,13.858218302094794,17.030942668136742,46.321455347299036,1089.798083,970.535722,667.3172306273747,493.3664454800011,1059.7522353156282
2022-06-06T08:00:00Z,2022-06-07T08:00:00Z,24,train,1101.86825,2022-06-07,9,1,0,0,0,0,0,1083.896494,1066.597505,1048.909741,1022.745969,1089.798083,1076.082133,1083.297416,1141.616093,1090.682622,1047.5916781666667,1044.9123694166667,1063.9656105416668,1060.7069777916668,1069.4618479702378,1010.399549,1102.8686,27.152122478880624,15.208698675496693,14.810555187637922,432.24274834437153,1075.611094,1141.041488,695.8714298500663,520.9897072281755,1088.30643453832
2022-06-06T08:00:00Z,2022-06-08T08:00:00Z,48,train,1163.037271,2022-06-08,9,2,0,0,0,0,0,1083.896494,1066.597505,1048.909741,1022.745969,1089.798083,1076.082133,1083.297416,1141.616093,1090.682622,1047.5916781666667,1044.9123694166667,1063.9656105416668,1060.7069777916668,1069.4618479702378,1010.399549,1102.8686,27.152122478880624,15.208698675496693,14.810555187637922,432.24274834437153,1101.86825,1158.311347,694.268373881217,524.2955210137798,1086.7033785694707
2022-06-06T08:00:00Z,2022-06-09T08:00:00Z,72,train,1199.712332,2022-06-09,9,3,0,0,0,0,0,1083.896494,1066.597505,1048.909741,1022.745969,1089.798083,1076.082133,1083.297416,1141.616093,1090.682622,1047.5916781666667,1044.9123694166667,1063.9656105416668,1060.7069777916668,1069.4618479702378,1010.399549,1102.8686,27.152122478880624,15.208698675496693,14.810555187637922,432.24274834437153,1163.037271,1136.532475,702.7905553741513,534.8512022068352,1095.2255600624048
2022-06-06T08:00:00Z,2022-06-10T08:00:00Z,96,train,1196.678064,2022-06-10,9,4,0,0,0,0,0,1083.896494,1066.597505,1048.909741,1022.745969,1089.798083,1076.082133,1083.297416,1141.616093,1090.682622,1047.5916781666667,1044.9123694166667,1063.9656105416668,1060.7069777916668,1069.4618479702378,1010.399549,1102.8686,27.152122478880624,15.208698675496693,14.810555187637922,432.24274834437153,1199.712332,1141.616093,707.8865701058817,481.73884128100826,1100.3215747941354
2022-06-06T08:00:00Z,2022-06-11T08:00:00Z,120,train,1114.740432,2022-06-11,9,5,1,0,0,0,0,1083.896494,1066.597505,1048.909741,1022.745969,1089.798083,1076.082133,1083.297416,1141.616093,1090.682622,1047.5916781666667,1044.9123694166667,1063.9656105416668,1060.7069777916668,1069.4618479702378,1010.399549,1102.8686,27.152122478880624,15.208698675496693,14.810555187637922,432.24274834437153,1196.678064,1083.297416,676.2517587607025,457.99306174807685,1068.6867634489563
2022-06-06T08:00:00Z,2022-06-12T08:00:00Z,144,train,1086.643379,2022-06-12,9,6,1,0,0,0,0,1083.896494,1066.597505,1048.909741,1022.745969,1089.798083,1076.082133,1083.297416,1141.616093,1090.682622,1047.5916781666667,1044.9123694166667,1063.9656105416668,1060.7069777916668,1069.4618479702378,1010.399549,1102.8686,27.152122478880624,15.208698675496693,14.810555187637922,432.24274834437153,1114.740432,1076.082133,669.6980052601838,462.8651898034355,1062.1330099484376
2022-06-06T08:00:00Z,2022-06-13T08:00:00Z,168,train,1124.413741,2022-06-13,9,0,0,0,0,0,0,1083.896494,1066.597505,1048.909741,1022.745969,1089.798083,1076.082133,1083.297416,1141.616093,1090.682622,1047.5916781666667,1044.9123694166667,1063.9656105416668,1060.7069777916668,1069.4618479702378,1010.399549,1102.8686,27.152122478880624,15.208698675496693,14.810555187637922,432.24274834437153,1086.643379,1075.611094,701.2420854603916,525.0631221693554,1093.6770901486452
2022-06-06T09:00:00Z,2022-06-06T10:00:00Z,1,train,1070.852729,2022-06-06,11,0,0,1,0,0,0,1075.611094,1083.896494,1066.597505,1020.218456,1063.843295,1073.286667,1090.114707,1127.28052,1074.040052,1056.4025323333333,1043.7301203333332,1063.9459839166668,1060.5468460833333,1069.372136494047,1010.399549,1102.8686,27.14352596705799,16.27917439293596,15.32182781456952,510.64173289183043,1088.374161,1070.240797,693.9488060074452,526.1456369233874,1086.364184070699
2022-06-06T09:00:00Z,2022-06-06T12:00:00Z,3,train,1068.513924,2022-06-06,13,0,0,1,0,0,0,1075.611094,1083.896494,1066.597505,1020.218456,1063.843295,1073.286667,1090.114707,1127.28052,1074.040052,1056.4025323333333,1043.7301203333332,1063.9459839166668,1060.5468460833333,1069.372136494047,1010.399549,1102.8686,27.14352596705799,16.832265711135648,16.37984454244764,505.2317420066163,1064.613148,1041.649891,686.7999493130917,521.2770471320005,1079.2153273763454
2022-06-06T09:00:00Z,2022-06-06T15:00:00Z,6,train,1110.144209,2022-06-06,16,0,0,1,0,0,0,1075.611094,1083.896494,1066.597505,1020.218456,1063.843295,1073.286667,1090.114707,1127.28052,1074.040052,1056.4025323333333,1043.7301203333332,1063.9459839166668,1060.5468460833333,1069.372136494047,1010.399549,1102.8686,27.14352596705799,16.662119073869892,16.645442116868736,363.9930319735375,1087.572883,1051.880579,694.7082892029767,520.7178581459998,1087.1236672662303
2022-06-06T09:00:00Z,2022-06-06T21:00:00Z,12,train,1060.942428,2022-06-06,22,0,0,1,0,0,0,1075.611094,1083.896494,1066.597505,1020.218456,1063.843295,1073.286667,1090.114707,1127.28052,1074.040052,1056.4025323333333,1043.7301203333332,1063.9459839166668,1060.5468460833333,1069.372136494047,1010.399549,1102.8686,27.14352596705799,13.095942668136741,17.38714222712232,16.83850055126788,1063.843295,942.269129,652.6216830849066,485.17190610200026,1045.0370611481603
2022-06-06T09:00:00Z,2022-06-07T09:00:00Z,24,train,1100.63534,2022-06-07,10,1,0,0,0,0,0,1075.611094,1083.896494,1066.597505,1020.218456,1063.843295,1073.286667,1090.114707,1127.28052,1074.040052,1056.4025323333333,1043.7301203333332,1063.9459839166668,1060.5468460833333,1069.372136494047,1010.399549,1102.8686,27.14352596705799,15.788658940397376,15.32618874172186,477.78828918322444,1078.429713,1140.524656,694.9543674092312,525.765047535715,1087.3697454724847
2022-06-06T09:00:00Z,2022-06-08T09:00:00Z,48,train,1164.976012,2022-06-08,10,2,0,0,0,0,0,1075.611094,1083.896494,1066.597505,1020.218456,1063.843295,1073.286667,1090.114707,1127.28052,1074.040052,1056.4025323333333,1043.7301203333332,1063.9459839166668,1060.5468460833333,1069.372136494047,1010.399549,1102.8686,27.14352596705799,15.788658940397376,15.32618874172186,477.78828918322444,1100.63534,1157.501148,691.5292649320988,524.3188099704722,1083.9446429953525
2022-06-06T09:00:00Z,2022-06-09T09:00:00Z,72,train,1196.16557,2022-06-09,10,3,0,0,0,0,0,1075.611094,1083.896494,1066.597505,1020.218456,1063.843295,1073.286667,1090.114707,1127.28052,1074.040052,1056.4025323333333,1043.7301203333332,1063.9459839166668,1060.5468460833333,1069.372136494047,1010.399549,1102.8686,27.14352596705799,15.788658940397376,15.32618874172186,477.78828918322444,1164.976012,1141.391695,699.4682610484665,539.2436494712231,1091.8836391117202
2022-06-06T09:00:00Z,2022-06-10T09:00:00Z,96,train,1183.986944,2022-06-10,10,4,0,0,0,0,0,1075.611094,1083.896494,1066.597505,1020.218456,1063.843295,1073.286667,1090.114707,1127.28052,1074.040052,1056.4025323333333,1043.7301203333332,1063.9459839166668,1060.5468460833333,1069.372136494047,1010.399549,1102.8686,27.14352596705799,15.788658940397376,15.32618874172186,477.78828918322444,1196.16557,1127.28052,703.693000850953,479.78111357752016,1096.1083789142067
2022-06-06T09:00:00Z,2022-06-11T09:00:00Z,120,train,1119.219914,2022-06-11,10,5,1,0,0,0,0,1075.611094,1083.896494,1066.597505,1020.218456,1063.843295,1073.286667,1090.114707,1127.28052,1074.040052,1056.4025323333333,1043.7301203333332,1063.9459839166668,1060.5468460833333,1069.372136494047,1010.399549,1102.8686,27.14352596705799,15.788658940397376,15.32618874172186,477.78828918322444,1183.986944,1090.114707,675.6666861927623,458.1293457384621,1068.082064256016
2022-06-06T09:00:00Z,2022-06-12T09:00:00Z,144,train,1077.488881,2022-06-12,10,6,1,0,0,0,0,1075.611094,1083.896494,1066.597505,1020.218456,1063.843295,1073.286667,1090.114707,1127.28052,1074.040052,1056.4025323333333,1043.7301203333332,1063.9459839166668,1060.5468460833333,1069.372136494047,1010.399549,1102.8686,27.14352596705799,15.788658940397376,15.32618874172186,477.78828918322444,1119.219914,1073.286667,672.5523907783435,462.02428351717543,1064.9677688415973
2022-06-06T09:00:00Z,2022-06-13T09:00:00Z,168,train,1134.730007,2022-06-13,10,0,0,0,0,0,0,1075.611094,1083.896494,1066.597505,1020.218456,1063.843295,1073.286667,1090.114707,1127.28052,1074.040052,1056.4025323333333,1043.7301203333332,1063.9459839166668,1060.5468460833333,1069.372136494047,1010.399549,1102.8686,27.14352596705799,15.788658940397376,15.32618874172186,477.78828918322444,1077.488881,1078.429713,696.8774497418729,527.2542430423391,1089.2928278051265
2022-06-06T10:00:00Z,2022-06-06T11:00:00Z,1,train,1084.036344,2022-06-06,12,0,0,1,0,0,0,1078.429713,1075.611094,1083.896494,1043.181904,1037.261948,1088.374161,1079.48668,1129.576286,1070.240797,1066.1044085,1044.9456551666665,1064.1602775000001,1060.3034087083336,1069.3982654285708,1010.399549,1102.8686,27.23656547434898,16.630164277839018,15.958022050716691,518.5229768467462,1071.69538,1058.18954,690.4129265404233,525.5129928120002,1083.0425981870103
2022-06-06T10:00:00Z,2022-06-06T13:00:00Z,3,train,1079.81006,2022-06-06,14,0,0,1,0,0,0,1078.429713,1075.611094,1083.896494,1043.181904,1037.261948,1088.374161,1079.48668,1129.576286,1070.240797,1066.1044085,1044.9456551666665,1064.1602775000001,1060.3034087083336,1069.3982654285708,1010.399549,1102.8686,27.23656547434898,16.885565600882025,16.683796030871022,470.3131973539123,1073.564853,1055.353274,688.8314220832235,517.2840916,1081.4610937298105
2022-06-06T10:00:00Z,2022-06-06T16:00:00Z,6,train,1114.844338,2022-06-06,17,0,0,1,0,0,0,1078.429713,1075.611094,1083.896494,1043.181904,1037.261948,1088.374161,1079.48668,1129.576286,1070.240797,1066.1044085,1044.9456551666665,1064.1602775000001,1060.3034087083336,1069.3982654285708,1010.399549,1102.8686,27.23656547434898,16.34370231532528,16.284248070562267,294.07020948180707,1090.776559,1051.551581,694.1184316654252,519.8650133899998,1086.748103312012
2022-06-06T10:00:00Z,2022-06-06T22:00:00Z,12,train,1018.183802,2022-06-06,23,0,0,1,0,0,0,1078.429713,1075.611094,1083.896494,1043.181904,1037.261948,1088.374161,1079.48668,1129.576286,1070.240797,1066.1044085,1044.9456551666665,1064.1602775000001,1060.3034087083336,1069.3982654285708,1010.399549,1102.8686,27.23656547434898,12.451113561190748,17.43881808158768,5.335380374862182,1037.261948,923.744091,641.5806600992861,472.44754827800006,1034.2103317458732
2022-06-06T10:00:00Z,2022-06-07T10:00:00Z,24,train,1112.913936,2022-06-07,11,1,0,0,0,0,0,1078.429713,1075.611094,1083.896494,1043.181904,1037.261948,1088.374161,1079.48668,1129.576286,1070.240797,1066.1044085,1044.9456551666665,1064.1602775000001,1060.3034087083336,1069.3982654285708,1010.399549,1102.8686,27.23656547434898,16.27917439293596,15.32182781456952,510.64173289183043,1070.852729,1144.006258,693.736509645881,524.2675548750002,1086.366181292468
2022-06-06T10:00:00Z,2022-06-08T10:00:00Z,48,train,1158.67544,2022-06-08,11,2,0,0,0,0,0,1078.429713,1075.611094,1083.896494,1043.181904,1037.261948,1088.374161,1079.48668,1129.576286,1070.240797,1066.1044085,1044.9456551666665,1064.1602775000001,1060.3034087083336,1069.3982654285708,1010.399549,1102.8686,27.23656547434898,16.27917439293596,15.32182781456952,510.64173289183043,1112.913936,1161.385368,691.6459565047636,526.9487914271659,1084.2756281513507
2022-06-06T10:00:00Z,2022-06-09T10:00:00Z,72,train,1198.34386,2022-06-09,11,3,0,0,0,0,0,1078.429713,1075.611094,1083.896494,1043.181904,1037.261948,1088.374161,1079.48668,1129.576286,1070.240797,1066.1044085,1044.9456551666665,1064.1602775000001,1060.3034087083336,1069.3982654285708,1010.399549,1102.8686,27.23656547434898,16.27917439293596,15.32182781456952,510.64173289183043,1158.67544,1156.179678,698.8187649544208,535.6673056348928,1091.4484366010079
2022-06-06T10:00:00Z,2022-06-10T10:00:00Z,96,train,1189.508753,2022-06-10,11,4,0,0,0,0,0,1078.429713,1075.611094,1083.896494,1043.181904,1037.261948,1088.374161,1079.48668,1129.576286,1070.240797,1066.1044085,1044.9456551666665,1064.1602775000001,1060.3034087083336,1069.3982654285708,1010.399549,1102.8686,27.23656547434898,16.27917439293596,15.32182781456952,510.64173289183043,1198.34386,1129.576286,702.8856301238955,478.91785556395394,1095.5153017704824
2022-06-06T10:00:00Z,2022-06-11T10:00:00Z,120,train,1117.490744,2022-06-11,11,5,1,0,0,0,0,1078.429713,1075.611094,1083.896494,1043.181904,1037.261948,1088.374161,1079.48668,1129.576286,1070.240797,1066.1044085,1044.9456551666665,1064.1602775000001,1060.3034087083336,1069.3982654285708,1010.399549,1102.8686,27.23656547434898,16.27917439293596,15.32182781456952,510.64173289183043,1189.508753,1079.48668,673.5346343495206,456.56206654615346,1066.1643059961075
2022-06-06T10:00:00Z,2022-06-12T10:00:00Z,144,train,1047.118284,2022-06-12,11,6,1,0,0,0,0,1078.429713,1075.611094,1083.896494,1043.181904,1037.261948,1088.374161,1079.48668,1129.576286,1070.240797,1066.1044085,1044.9456551666665,1064.1602775000001,1060.3034087083336,1069.3982654285708,1010.399549,1102.8686,27.23656547434898,16.27917439293596,15.32182781456952,510.64173289183043,1117.490744,1088.374161,672.4060607532246,457.85696444847355,1065.0357323998114
2022-06-06T10:00:00Z,2022-06-13T10:00:00Z,168,train,1141.904437,2022-06-13,11,0,0,0,0,0,0,1078.429713,1075.611094,1083.896494,1043.181904,1037.261948,1088.374161,1079.48668,1129.576286,1070.240797,1066.1044085,1044.9456551666665,1064.1602775000001,1060.3034087083336,1069.3982654285708,1010.399549,1102.8686,27.23656547434898,16.27917439293596,15.32182781456952,510.64173289183043,1047.118284,1070.852729,693.9488060074452,526.1456369233874,1086.5784776540322
2022-06-06T11:00:00Z,2022-06-06T12:00:00Z,1,train,1068.513924,2022-06-06,13,0,0,1,0,0,0,1070.852729,1078.429713,1075.611094,1048.909741,1036.269416,1071.69538,1072.371461,1119.358878,1058.18954,1070.716212666667,1047.7448869166667,1063.4302178333335,1060.1235347291667,1069.4019078809517,1010.399549,1102.8686,26.80921563741873,16.832265711135648,16.37984454244764,505.2317420066163,1064.613148,1041.649891,686.7999493130917,521.2770471320005,1078.699561293012
2022-06-06T11:00:00Z,2022-06-06T14:00:00Z,3,train,1102.689134,2022-06-06,15,0,0,1,0,0,0,1070.852729,1078.429713,1075.611094,1048.909741,1036.269416,1071.69538,1072.371461,1119.358878,1058.18954,1070.716212666667,1047.7448869166667,1063.4302178333335,1060.1235347291667,1069.4019078809517,1010.399549,1102.8686,26.80921563741873,16.836736493936108,16.809388092613048,421.76553472987973,1086.35529,1052.446872,692.7610815901514,517.4540751299999,1084.6606935700718
2022-06-06T11:00:00Z,2022-06-06T17:00:00Z,6,train,1110.967935,2022-06-06,18,0,0,1,0,0,0,1070.852729,1078.429713,1075.611094,1048.909741,1036.269416,1071.69538,1072.371461,1119.358878,1058.18954,1070.716212666667,1047.7448869166667,1063.4302178333335,1060.1235347291667,1069.4019078809517,1010.399549,1102.8686,26.80921563741873,15.906065049614078,16.032605292171937,221.74971334068368,1102.8686,1033.025451,691.4291965429643,518.6084337060005,1083.3288085228846
2022-06-06T11:00:00Z,2022-06-06T23:00:00Z,12,train,1000.030724,2022-06-07,0,1,0,0,0,0,0,1070.852729,1078.429713,1075.611094,1048.909741,1036.269416,1071.69538,1072.371461,1119.358878,1058.18954,1070.716212666667,1047.7448869166667,1063.4302178333335,1060.1235347291667,1069.4019078809517,1010.399549,1102.8686,26.80921563741873,11.668302325581376,17.470841638981167,2.6014285714285776,1036.269416,910.546136,633.1611649866477,470.47930484325457,1025.060776966568
2022-06-06T11:00:00Z,2022-06-07T11:00:00Z,24,train,1116.739132,2022-06-07,12,1,0,0,0,0,0,1070.852729,1078.429713,1075.611094,1048.909741,1036.269416,1071.69538,1072.371461,1119.358878,1058.18954,1070.716212666667,1047.7448869166667,1063.4302178333335,1060.1235347291667,1069.4019078809517,1010.399549,1102.8686,26.80921563741873,16.630164277839018,15.958022050716691,518.5229768467462,1084.036344,1141.980328,691.9965050387092,526.291327755951,1083.8961170186294
2022-06-06T11:00:00Z,2022-06-08T11:00:00Z,48,train,1171.286677,2022-06-08,12,2,0,0,0,0,0,1070.852729,1078.429713,1075.611094,1048.909741,1036.269416,1071.69538,1072.371461,1119.358878,1058.18954,1070.716212666667,1047.7448869166667,1063.4302178333335,1060.1235347291667,1069.4019078809517,1010.399549,1102.8686,26.80921563741873,16.630164277839018,15.958022050716691,518.5229768467462,1116.739132,1170.115589,690.8044490245105,531.390079151575,1082.704061004431
2022-06-06T11:00:00Z,2022-06-09T11:00:00Z,72,train,1190.7504,2022-06-09,12,3,0,0,0,0,0,1070.852729,1078.429713,1075.611094,1048.909741,1036.269416,1071.69538,1072.371461,1119.358878,1058.18954,1070.716212666667,1047.7448869166667,1063.4302178333335,1060.1235347291667,1069.4019078809517,1010.399549,1102.8686,26.80921563741873,16.630164277839018,15.958022050716691,518.5229768467462,1171.286677,1147.010448,695.2548792117382,527.7770365719417,1087.1544911916585
2022-06-06T11:00:00Z,2022-06-10T11:00:00Z,96,train,1164.580482,2022-06-10,12,4,0,0,0,0,0,1070.852729,1078.429713,1075.611094,1048.909741,1036.269416,1071.69538,1072.371461,1119.358878,1058.18954,1070.716212666667,1047.7448869166667,1063.4302178333335,1060.1235347291667,1069.4019078809517,1010.399549,1102.8686,26.80921563741873,16.630164277839018,15.958022050716691,518.5229768467462,1190.7504,1119.358878,698.7993689802809,472.8981932325575,1090.6989809602012
2022-06-06T11:00:00Z,2022-06-11T11:00:00Z,120,train,1133.588294,2022-06-11,12,5,1,0,0,0,0,1070.852729,1078.429713,1075.611094,1048.909741,1036.269416,1071.69538,1072.371461,1119.358878,1058.18954,1070.716212666667,1047.7448869166667,1063.4302178333335,1060.1235347291667,1069.4019078809517,1010.399549,1102.8686,26.80921563741873,16.630164277839018,15.958022050716691,518.5229768467462,1164.580482,1072.371461,670.851003273439,454.20419767500056,1062.7506152533592
2022-06-06T11:00:00Z,2022-06-12T11:00:00Z,144,train,1026.562055,2022-06-12,12,6,1,0,0,0,0,1070.852729,1078.429713,1075.611094,1048.909741,1036.269416,1071.69538,1072.371461,1119.358878,1058.18954,1070.716212666667,1047.7448869166667,1063.4302178333335,1060.1235347291667,1069.4019078809517,1010.399549,1102.8686,26.80921563741873,16.630164277839018,15.958022050716691,518.5229768467462,1133.588294,1071.69538,670.4444548803434,454.9284357786255,1062.3440668602639
2022-06-06T11:00:00Z,2022-06-13T11:00:00Z,168,train,1152.774221,2022-06-13,12,0,0,0,0,0,0,1070.852729,1078.429713,1075.611094,1048.909741,1036.269416,1071.69538,1072.371461,1119.358878,1058.18954,1070.716212666667,1047.7448869166667,1063.4302178333335,1060.1235347291667,1069.4019078809517,1010.399549,1102.8686,26.80921563741873,16.630164277839018,15.958022050716691,518.5229768467462,1026.562055,1084.036344,690.4129265404233,525.5129928120002,1082.3125385203437
2022-06-06T12:00:00Z,2022-06-06T13:00:00Z,1,train,1079.81006,2022-06-06,14,0,0,1,0,0,0,1084.036344,1070.852729,1078.429713,1066.597505,1015.826073,1064.613148,1061.962225,1115.720072,1041.649891,1076.5706465,1051.72546425,1063.9444246666667,1060.366553125,1069.5557579047615,1010.399549,1102.8686,27.079797786806083,16.885565600882025,16.683796030871022,470.3131973539123,1073.564853,1055.353274,688.8314220832235,517.2840916,1081.245240896477
2022-06-06T12:00:00Z,2022-06-06T15:00:00Z,3,train,1110.144209,2022-06-06,16,0,0,1,0,0,0,1084.036344,1070.852729,1078.429713,1066.597505,1015.826073,1064.613148,1061.962225,1115.720072,1041.649891,1076.5706465,1051.72546425,1063.9444246666667,1060.366553125,1069.5557579047615,1010.399549,1102.8686,27.079797786806083,16.662119073869892,16.645442116868736,363.9930319735375,1087.572883,1051.880579,694.7082892029767,520.7178581459998,1087.1221080162304
2022-06-06T12:00:00Z,2022-06-06T18:00:00Z,6,train,1083.373196,2022-06-06,19,0,0,1,0,0,0,1084.036344,1070.852729,1078.429713,1066.597505,1015.826073,1064.613148,1061.962225,1115.720072,1041.649891,1076.5706465,1051.72546425,1063.9444246666667,1060.366553125,1069.5557579047615,1010.399549,1102.8686,27.079797786806083,15.332428886438827,16.114885336273513,152.89980154354987,1089.794161,1004.15591,687.4268026207732,512.8223794500002,1079.8406214340266
2022-06-06T12:00:00Z,2022-06-07T00:00:00Z,12,train,992.004364,2022-06-07,1,1,0,0,0,0,0,1084.036344,1070.852729,1078.429713,1066.597505,1015.826073,1064.613148,1061.962225,1115.720072,1041.649891,1076.5706465,1051.72546425,1063.9444246666667,1060.366553125,1069.5557579047615,1010.399549,1102.8686,27.079797786806083,11.22452986725663,17.16823230088499,3.7130309734513114,1015.826073,894.358745,629.6826504197065,467.9188165138889,1022.0964692329601
2022-06-06T12:00:00Z,2022-06-07T12:00:00Z,24,train,1090.267876,2022-06-07,13,1,0,0,0,0,0,1084.036344,1070.852729,1078.429713,1066.597505,1015.826073,1064.613148,1061.962225,1115.720072,1041.649891,1076.5706465,1051.72546425,1063.9444246666667,1060.366553125,1069.5557579047615,1010.399549,1102.8686,27.079797786806083,16.832265711135648,16.37984454244764,505.2317420066163,1068.513924,1117.447352,688.1764232679217,518.6764673115084,1080.5902420811753
2022-06-06T12:00:00Z,2022-06-08T12:00:00Z,48,train,1155.659282,2022-06-08,13,2,0,0,0,0,0,1084.036344,1070.852729,1078.429713,1066.597505,1015.826073,1064.613148,1061.962225,1115.720072,1041.649891,1076.5706465,1051.72546425,1063.9444246666667,1060.366553125,1069.5557579047615,1010.399549,1102.8686,27.079797786806083,16.832265711135648,16.37984454244764,505.2317420066163,1090.267876,1158.599461,688.1607992586809,521.9200807460629,1080.5746180719343
2022-06-06T12:00:00Z,2022-06-09T12:00:00Z,72,train,1173.952519,2022-06-09,13,3,0,0,0,0,0,1084.036344,1070.852729,1078.429713,1066.597505,1015.826073,1064.613148,1061.962225,1115.720072,1041.649891,1076.5706465,1051.72546425,1063.9444246666667,1060.366553125,1069.5557579047615,1010.399549,1102.8686,27.079797786806083,16.832265711135648,16.37984454244764,505.2317420066163,1155.659282,1129.698634,692.1458095874094,524.9143431043163,1084.5596284006629
2022-06-06T12:00:00Z,2022-06-10T12:00:00Z,96,train,1139.39012,2022-06-10,13,4,0,0,0,0,0,1084.036344,1070.852729,1078.429713,1066.597505,1015.826073,1064.613148,1061.962225,1115.720072,1041.649891,1076.5706465,1051.72546425,1063.9444246666667,1060.366553125,1069.5557579047615,1010.399549,1102.8686,27.079797786806083,16.832265711135648,16.37984454244764,505.2317420066163,1173.952519,1115.720072,694.8898656242405,465.8605435639533,1087.3036844374942
2022-06-06T12:00:00Z,2022-06-11T12:00:00Z,120,train,1123.983996,2022-06-11,13,5,1,0,0,0,0,1084.036344,1070.852729,1078.429713,1066.597505,1015.826073,1064.613148,1061.962225,1115.720072,1041.649891,1076.5706465,1051.72546425,1063.9444246666667,1060.366553125,1069.5557579047615,1010.399549,1102.8686,27.079797786806083,16.832265711135648,16.37984454244764,505.2317420066163,1139.39012,1061.962225,667.9745230876342,449.2275494346157,1060.3883419008878
2022-06-06T12:00:00Z,2022-06-12T12:00:00Z,144,train,1014.326353,2022-06-12,13,6,1,0,0,0,0,1084.036344,1070.852729,1078.429713,1066.597505,1015.826073,1064.613148,1061.962225,1115.720072,1041.649891,1076.5706465,1051.72546425,1063.9444246666667,1060.366553125,1069.5557579047615,1010.399549,1102.8686,27.079797786806083,16.832265711135648,16.37984454244764,505.2317420066163,1123.983996,1064.613148,666.6805243284113,452.654760490458,1059.094343141665
2022-06-06T12:00:00Z,2022-06-13T12:00:00Z,168,train,1130.68157,2022-06-13,13,0,0,0,0,0,0,1084.036344,1070.852729,1078.429713,1066.597505,1015.826073,1064.613148,1061.962225,1115.720072,1041.649891,1076.5706465,1051.72546425,1063.9444246666667,1060.366553125,1069.5557579047615,1010.399549,1102.8686,27.079797786806083,16.832265711135648,16.37984454244764,505.2317420066163,1014.326353,1068.513924,686.7999493130917,521.2770471320005,1079.2137681263453
2022-06-06T13:00:00Z,2022-06-06T14:00:00Z,1,train,1102.689134,2022-06-06,15,0,0,1,0,0,0,1068.513924,1084.036344,1070.852729,1083.896494,1010.399549,1073.564853,1096.197192,1107.328244,1055.353274,1076.8900496666668,1056.1161185,1064.106957,1060.503046854167,1069.7156628630948,1010.399549,1102.8686,27.095025594515715,16.836736493936108,16.809388092613048,421.76553472987973,1086.35529,1052.446872,692.7610815901514,517.4540751299999,1085.3374327367383
2022-06-06T13:00:00Z,2022-06-06T16:00:00Z,3,train,1114.844338,2022-06-06,17,0,0,1,0,0,0,1068.513924,1084.036344,1070.852729,1083.896494,1010.399549,1073.564853,1096.197192,1107.328244,1055.353274,1076.8900496666668,1056.1161185,1064.106957,1060.503046854167,1069.7156628630948,1010.399549,1102.8686,27.095025594515715,16.34370231532528,16.284248070562267,294.07020948180707,1090.776559,1051.551581,694.1184316654252,519.8650133899998,1086.694782812012
2022-06-06T13:00:00Z,2022-06-06T19:00:00Z,6,train,1088.472153,2022-06-06,20,0,0,1,0,0,0,1068.513924,1084.036344,1070.852729,1083.896494,1010.399549,1073.564853,1096.197192,1107.328244,1055.353274,1076.8900496666668,1056.1161185,1064.106957,1060.503046854167,1069.7156628630948,1010.399549,1102.8686,27.095025594515715,14.622750826901806,16.537897464167607,93.79349503858892,1091.242385,1002.26736,680.8556092330847,507.32992036199994,1073.4319603796716
2022-06-06T13:00:00Z,2022-06-07T01:00:00Z,12,train,985.66117,2022-06-07,2,1,0,0,0,0,0,1068.513924,1084.036344,1070.852729,1083.896494,1010.399549,1073.564853,1096.197192,1107.328244,1055.353274,1076.8900496666668,1056.1161185,1064.106957,1060.503046854167,1069.7156628630948,1010.399549,1102.8686,27.095025594515715,10.903315265486743,16.896136061947,11.793230088495642,1010.399549,899.499074,627.6351206071713,464.70101730952456,1020.2114717537581
2022-06-06T13:00:00Z,2022-06-07T13:00:00Z,24,train,1088.24535,2022-06-07,14,1,0,0,0,0,0,1068.513924,1084.036344,1070.852729,1083.896494,1010.399549,1073.564853,1096.197192,1107.328244,1055.353274,1076.8900496666668,1056.1161185,1064.106957,1060.503046854167,1069.7156628630948,1010.399549,1102.8686,27.095025594515715,16.885565600882025,16.683796030871022,470.3131973539123,1079.81006,1108.45864,693.3682088051036,522.4551935317461,1085.9445599516903
2022-06-06T13:00:00Z,2022-06-08T13:00:00Z,48,train,1169.703115,2022-06-08,14,2,0,0,0,0,0,1068.513924,1084.036344,1070.852729,1083.896494,1010.399549,1073.564853,1096.197192,1107.328244,1055.353274,1076.8900496666668,1056.1161185,1064.106957,1060.503046854167,1069.7156628630948,1010.399549,1102.8686,27.095025594515715,16.885565600882025,16.683796030871022,470.3131973539123,1088.24535,1140.653516,692.557118624575,528.1162039488198,1085.1334697711618
2022-06-06T13:00:00Z,2022-06-09T13:00:00Z,72,train,1198.858315,2022-06-09,14,3,0,0,0,0,0,1068.513924,1084.036344,1070.852729,1083.896494,1010.399549,1073.564853,1096.197192,1107.328244,1055.353274,1076.8900496666668,1056.1161185,1064.106957,1060.503046854167,1069.7156628630948,1010.399549,1102.8686,27.095025594515715,16.885565600882025,16.683796030871022,470.3131973539123,1169.703115,1145.470815,696.1290930379201,529.9916545845327,1088.705444184507
2022-06-06T13:00:00Z,2022-06-10T13:00:00Z,96,train,1131.577667,2022-06-10,14,4,0,0,0,0,0,1068.513924,1084.036344,1070.852729,1083.896494,1010.399549,1073.564853,1096.197192,1107.328244,1055.353274,1076.8900496666668,1056.1161185,1064.106957,1060.503046854167,1069.7156628630948,1010.399549,1102.8686,27.095025594515715,16.885565600882025,16.683796030871022,470.3131973539123,1198.858315,1107.328244,694.7195017669967,464.2722038720932,1087.2958529135835
2022-06-06T13:00:00Z,2022-06-11T13:00:00Z,120,train,1135.189506,2022-06-11,14,5,1,0,0,0,0,1068.513924,1084.036344,1070.852729,1083.896494,1010.399549,1073.564853,1096.197192,1107.328244,1055.353274,1076.8900496666668,1056.1161185,1064.106957,1060.503046854167,1069.7156628630948,1010.399549,1102.8686,27.095025594515715,16.885565600882025,16.683796030871022,470.3131973539123,1131.577667,1096.197192,670.8020469031907,452.8143973057695,1063.3783980497774
2022-06-06T13:00:00Z,2022-06-12T13:00:00Z,144,train,1026.00405,2022-06-12,14,6,1,0,0,0,0,1068.513924,1084.036344,1070.852729,1083.896494,1010.399549,1073.564853,1096.197192,1107.328244,1055.353274,1076.8900496666668,1056.1161185,1064.106957,1060.503046854167,1069.7156628630948,1010.399549,1102.8686,27.095025594515715,16.885565600882025,16.683796030871022,470.3131973539123,1135.189506,1073.564853,669.7752648749198,453.5621155954203,1062.3516160215067
2022-06-06T13:00:00Z,2022-06-13T13:00:00Z,168,train,1147.143181,2022-06-13,14,0,0,0,0,0,0,1068.513924,1084.036344,1070.852729,1083.896494,1010.399549,1073.564853,1096.197192,1107.328244,1055.353274,1076.8900496666668,1056.1161185,1064.106957,1060.503046854167,1069.7156628630948,1010.399549,1102.8686,27.095025594515715,16.885565600882025,16.683796030871022,470.3131973539123,1026.00405,1079.81006,688.8314220832235,517.2840916,1081.4077732298103
2022-06-06T14:00:00Z,2022-06-06T15:00:00Z,1,train,1110.144209,2022-06-06,16,0,0,1,0,0,0,1079.81006,1068.513924,1084.036344,1075.611094,1022.745969,1086.35529,1107.462882,1095.614729,1052.446872,1076.2089773333335,1061.90032775,1064.3671739583333,1060.1616482708337,1069.8612389702375,1010.399549,1102.8686,27.21433478390507,16.662119073869892,16.645442116868736,363.9930319735375,1087.572883,1051.880579,694.7082892029767,520.7178581459998,1087.544857307897
2022-06-06T14:00:00Z,2022-06-06T17:00:00Z,3,train,1110.967935,2022-06-06,18,0,0,1,0,0,0,1079.81006,1068.513924,1084.036344,1075.611094,1022.745969,1086.35529,1107.462882,1095.614729,1052.446872,1076.2089773333335,1061.90032775,1064.3671739583333,1060.1616482708337,1069.8612389702375,1010.399549,1102.8686,27.21433478390507,15.906065049614078,16.032605292171937,221.74971334068368,1102.8686,1033.025451,691.4291965429643,518.6084337060005,1084.2657646478845
2022-06-06T14:00:00Z,2022-06-06T20:00:00Z,6,train,1077.438443,2022-06-06,21,0,0,1,0,0,0,1079.81006,1068.513924,1084.036344,1075.611094,1022.745969,1086.35529,1107.462882,1095.614729,1052.446872,1076.2089773333335,1061.90032775,1064.3671739583333,1060.1616482708337,1069.8612389702375,1010.399549,1102.8686,27.21433478390507,13.858218302094794,17.030942668136742,46.321455347299036,1089.798083,970.535722,667.3172306273747,493.3664454800011,1060.153798732295
2022-06-06T14:00:00Z,2022-06-07T02:00:00Z,12,train,994.860424,2022-06-07,3,1,0,0,0,0,0,1079.81006,1068.513924,1084.036344,1075.611094,1022.745969,1086.35529,1107.462882,1095.614729,1052.446872,1076.2089773333335,1061.90032775,1064.3671739583333,1060.1616482708337,1069.8612389702375,1010.399549,1102.8686,27.21433478390507,10.853836464088413,16.617477348066245,34.964353591160176,1022.745969,944.970836,630.5431909685599,467.6267343730158,1023.37975907348
2022-06-06T14:00:00Z,2022-06-07T14:00:00Z,24,train,1087.055753,2022-06-07,15,1,0,0,0,0,0,1079.81006,1068.513924,1084.036344,1075.611094,1022.745969,1086.35529,1107.462882,1095.614729,1052.446872,1076.2089773333335,1061.90032775,1064.3671739583333,1060.1616482708337,1069.8612389702375,1010.399549,1102.8686,27.21433478390507,16.836736493936108,16.809388092613048,421.76553472987973,1102.689134,1114.199772,700.4410152236326,526.7562130952374,1093.2775833285527
2022-06-06T14:00:00Z,2022-06-08T14:00:00Z,48,train,1189.482182,2022-06-08,15,2,0,0,0,0,0,1079.81006,1068.513924,1084.036344,1075.611094,1022.745969,1086.35529,1107.462882,1095.614729,1052.446872,1076.2089773333335,1061.90032775,1064.3671739583333,1060.1616482708337,1069.8612389702375,1010.399549,1102.8686,27.21433478390507,16.836736493936108,16.809388092613048,421.76553472987973,1087.055753,1157.047831,698.8376501735873,534.8834438562993,1091.6742182785074
2022-06-06T14:00:00Z,2022-06-09T14:00:00Z,72,train,1206.720933,2022-06-09,15,3,0,0,0,0,0,1079.81006,1068.513924,1084.036344,1075.611094,1022.745969,1086.35529,1107.462882,1095.614729,1052.446872,1076.2089773333335,1061.90032775,1064.3671739583333,1060.1616482708337,1069.8612389702375,1010.399549,1102.8686,27.21433478390507,16.836736493936108,16.809388092613048,421.76553472987973,1189.482182,1155.616673,702.3117121204076,530.2352588579142,1095.1482802253277
2022-06-06T14:00:00Z,2022-06-10T14:00:00Z,96,train,1149.409862,2022-06-10,15,4,0,0,0,0,0,1079.81006,1068.513924,1084.036344,1075.611094,1022.745969,1086.35529,1107.462882,1095.614729,1052.446872,1076.2089773333335,1061.90032775,1064.3671739583333,1060.1616482708337,1069.8612389702375,1010.399549,1102.8686,27.21433478390507,16.836736493936108,16.809388092613048,421.76553472987973,1206.720933,1095.614729,696.6491984648208,465.44951949031025,1089.485766569741
2022-06-06T14:00:00Z,2022-06-11T14:00:00Z,120,train,1147.221913,2022-06-11,15,5,1,0,0,0,0,1079.81006,1068.513924,1084.036344,1075.611094,1022.745969,1086.35529,1107.462882,1095.614729,1052.446872,1076.2089773333335,1061.90032775,1064.3671739583333,1060.1616482708337,1069.8612389702375,1010.399549,1102.8686,27.21433478390507,16.836736493936108,16.809388092613048,421.76553472987973,1149.409862,1107.462882,678.8605510484048,459.70114169999954,1071.6971191533248
2022-06-06T14:00:00Z,2022-06-12T14:00:00Z,144,train,1052.624934,2022-06-12,15,6,1,0,0,0,0,1079.81006,1068.513924,1084.036344,1075.611094,1022.745969,1086.35529,1107.462882,1095.614729,1052.446872,1076.2089773333335,1061.90032775,1064.3671739583333,1060.1616482708337,1069.8612389702375,1010.399549,1102.8686,27.21433478390507,16.836736493936108,16.809388092613048,421.76553472987973,1147.221913,1086.35529,678.6729068650731,459.9409977423658,1071.5094749699933
2022-06-06T14:00:00Z,2022-06-13T14:00:00Z,168,train,1133.205675,2022-06-13,15,0,0,0,0,0,0,1079.81006,1068.513924,1084.036344,1075.611094,1022.745969,1086.35529,1107.462882,1095.614729,1052.446872,1076.2089773333335,1061.90032775,1064.3671739583333,1060.1616482708337,1069.8612389702375,1010.399549,1102.8686,27.21433478390507,16.836736493936108,16.809388092613048,421.76553472987973,1052.624934,1102.689134,692.7610815901514,517.4540751299999,1085.5976496950716
2022-06-06T15:00:00Z,2022-06-06T16:00:00Z,1,train,1114.844338,2022-06-06,17,0,0,1,0,0,0,1102.689134,1079.81006,1068.513924,1078.429713,1020.218456,1087.572883,1113.247612,1090.955107,1051.880579,1080.721984,1068.5622581666667,1065.0477507916667,1060.0621951875003,1070.1603000535708,1010.399549,1102.8686,27.949999525997896,16.34370231532528,16.284248070562267,294.07020948180707,1090.776559,1051.551581,694.1184316654252,519.8650133899998,1087.6355766036786
2022-06-06T15:00:00Z,2022-06-06T18:00:00Z,3,train,1083.373196,2022-06-06,19,0,0,1,0,0,0,1102.689134,1079.81006,1068.513924,1078.429713,1020.218456,1087.572883,1113.247612,1090.955107,1051.880579,1080.721984,1068.5622581666667,1065.0477507916667,1060.0621951875003,1070.1603000535708,1010.399549,1102.8686,27.949999525997896,15.332428886438827,16.114885336273513,152.89980154354987,1089.794161,1004.15591,687.4268026207732,512.8223794500002,1080.9439475590266
2022-06-06T15:00:00Z,2022-06-06T21:00:00Z,6,train,1060.942428,2022-06-06,22,0,0,1,0,0,0,1102.689134,1079.81006,1068.513924,1078.429713,1020.218456,1087.572883,1113.247612,1090.955107,1051.880579,1080.721984,1068.5622581666667,1065.0477507916667,1060.0621951875003,1070.1603000535708,1010.399549,1102.8686,27.949999525997896,13.095942668136741,17.38714222712232,16.83850055126788,1063.843295,942.269129,652.6216830849066,485.17190610200026,1046.1388280231602
2022-06-06T15:00:00Z,2022-06-07T03:00:00Z,12,train,1029.920504,2022-06-07,4,1,0,0,0,0,0,1102.689134,1079.81006,1068.513924,1078.429713,1020.218456,1087.572883,1113.247612,1090.955107,1051.880579,1080.721984,1068.5622581666667,1065.0477507916667,1060.0621951875003,1070.1603000535708,1010.399549,1102.8686,27.949999525997896,11.253144751381251,16.053459668508264,79.022099447514,1020.218456,980.090792,639.5184894526735,478.81616816666775,1033.035634390927
2022-06-06T15:00:00Z,2022-06-07T15:00:00Z,24,train,1111.425732,2022-06-07,16,1,0,0,0,0,0,1102.689134,1079.81006,1068.513924,1078.429713,1020.218456,1087.572883,1113.247612,1090.955107,1051.880579,1080.721984,1068.5622581666667,1065.0477507916667,1060.0621951875003,1070.1603000535708,1010.399549,1102.8686,27.949999525997896,16.662119073869892,16.645442116868736,363.9930319735375,1110.144209,1102.968834,702.6581083045953,526.5321383968258,1096.1752532428488
2022-06-06T15:00:00Z,2022-06-08T15:00:00Z,48,train,1189.339319,2022-06-08,16,2,0,0,0,0,0,1102.689134,1079.81006,1068.513924,1078.429713,1020.218456,1087.572883,1113.247612,1090.955107,1051.880579,1080.721984,1068.5622581666667,1065.0477507916667,1060.0621951875003,1070.1603000535708,1010.399549,1102.8686,27.949999525997896,16.662119073869892,16.645442116868736,363.9930319735375,1111.425732,1160.645626,702.0757344064016,537.658564,1095.592879344655
2022-06-06T15:00:00Z,2022-06-09T15:00:00Z,72,train,1207.012023,2022-06-09,16,3,0,0,0,0,0,1102.689134,1079.81006,1068.513924,1078.429713,1020.218456,1087.572883,1113.247612,1090.955107,1051.880579,1080.721984,1068.5622581666667,1065.0477507916667,1060.0621951875003,1070.1603000535708,1010.399549,1102.8686,27.949999525997896,16.662119073869892,16.645442116868736,363.9930319735375,1189.339319,1149.060635,704.2667787035706,531.5925332553951,1097.783923641824
2022-06-06T15:00:00Z,2022-06-10T15:00:00Z,96,train,1142.294432,2022-06-10,16,4,0,0,0,0,0,1102.689134,1079.81006,1068.513924,1078.429713,1020.218456,1087.572883,1113.247612,1090.955107,1051.880579,1080.721984,1068.5622581666667,1065.0477507916667,1060.0621951875003,1070.1603000535708,1010.399549,1102.8686,27.949999525997896,16.662119073869892,16.645442116868736,363.9930319735375,1207.012023,1090.955107,698.572567036705,463.77189425387553,1092.0897119749584
2022-06-06T15:00:00Z,2022-06-11T15:00:00Z,120,train,1151.14617,2022-06-11,16,5,1,0,0,0,0,1102.689134,1079.81006,1068.513924,1078.429713,1020.218456,1087.572883,1113.247612,1090.955107,1051.880579,1080.721984,1068.5622581666667,1065.0477507916667,1060.0621951875003,1070.1603000535708,1010.399549,1102.8686,27.949999525997896,16.662119073869892,16.645442116868736,363.9930319735375,1142.294432,1113.247612,685.4892534502359,457.8138575673086,1079.0063983884893
2022-06-06T15:00:00Z,2022-06-12T15:00:00Z,144,train,1065.00023,2022-06-12,16,6,1,0,0,0,0,1102.689134,1079.81006,1068.513924,1078.429713,1020.218456,1087.572883,1113.247612,1090.955107,1051.880579,1080.721984,1068.5622581666667,1065.0477507916667,1060.0621951875003,1070.1603000535708,1010.399549,1102.8686,27.949999525997896,16.662119073869892,16.645442116868736,363.9930319735375,1151.14617,1087.572883,686.5785676339158,464.5780123568697,1080.0957125721693
2022-06-06T15:00:00Z,2022-06-13T15:00:00Z,168,train,1143.866194,2022-06-13,16,0,0,0,0,0,0,1102.689134,1079.81006,1068.513924,1078.429713,1020.218456,1087.572883,1113.247612,1090.955107,1051.880579,1080.721984,1068.5622581666667,1065.0477507916667,1060.0621951875003,1070.1603000535708,1010.399549,1102.8686,27.949999525997896,16.662119073869892,16.645442116868736,363.9930319735375,1065.00023,1110.144209,694.7082892029767,520.7178581459998,1088.2254341412304
2022-06-06T16:00:00Z,2022-06-06T17:00:00Z,1,train,1110.967935,2022-06-06,18,0,0,1,0,0,0,1110.144209,1102.689134,1079.81006,1070.852729,1043.181904,1090.776559,1078.942124,1098.498503,1051.551581,1086.0077333333334,1076.0560709166668,1065.9882227083333,1059.9975409583335,1070.5071073749994,1010.399549,1110.144209,29.05020125273584,15.906065049614078,16.032605292171937,221.74971334068368,1102.8686,1033.025451,691.4291965429643,518.6084337060005,1085.8868133978845
2022-06-06T16:00:00Z,2022-06-06T19:00:00Z,3,train,1088.472153,2022-06-06,20,0,0,1,0,0,0,1110.144209,1102.689134,1079.81006,1070.852729,1043.181904,1090.776559,1078.942124,1098.498503,1051.551581,1086.0077333333334,1076.0560709166668,1065.9882227083333,1059.9975409583335,1070.5071073749994,1010.399549,1110.144209,29.05020125273584,14.622750826901806,16.537897464167607,93.79349503858892,1091.242385,1002.26736,680.8556092330847,507.32992036199994,1075.3132260880047
2022-06-06T16:00:00Z,2022-06-06T22:00:00Z,6,train,1018.183802,2022-06-06,23,0,0,1,0,0,0,1110.144209,1102.689134,1079.81006,1070.852729,1043.181904,1090.776559,1078.942124,1098.498503,1051.551581,1086.0077333333334,1076.0560709166668,1065.9882227083333,1059.9975409583335,1070.5071073749994,1010.399549,1110.144209,29.05020125273584,12.451113561190748,17.43881808158768,5.335380374862182,1037.261948,923.744091,641.5806600992861,472.44754827800006,1036.0382769542061
2022-06-06T16:00:00Z,2022-06-07T04:00:00Z,12,train,1107.779291,2022-06-07,5,1,0,0,0,0,0,1110.144209,1102.689134,1079.81006,1070.852729,1043.181904,1090.776559,1078.942124,1098.498503,1051.551581,1086.0077333333334,1076.0560709166668,1065.9882227083333,1059.9975409583335,1070.5071073749994,1010.399549,1110.144209,29.05020125273584,12.026499447513734,14.92779889502768,141.5266077348067,1043.181904,1049.097864,661.228595181033,499.3091937222227,1055.6862120359533
2022-06-06T16:00:00Z,2022-06-07T16:00:00Z,24,train,1121.045005,2022-06-07,17,1,0,0,0,0,0,1110.144209,1102.689134,1079.81006,1070.852729,1043.181904,1090.776559,1078.942124,1098.498503,1051.551581,1086.0077333333334,1076.0560709166668,1065.9882227083333,1059.9975409583335,1070.5071073749994,1010.399549,1110.144209,29.05020125273584,16.34370231532528,16.284248070562267,294.07020948180707,1114.844338,1093.317411,699.9764486015935,521.6245711865079,1094.4340654565135
2022-06-06T16:00:00Z,2022-06-08T16:00:00Z,48,train,1151.33163,2022-06-08,17,2,0,0,0,0,0,1110.144209,1102.689134,1079.81006,1070.852729,1043.181904,1090.776559,1078.942124,1098.498503,1051.551581,1086.0077333333334,1076.0560709166668,1065.9882227083333,1059.9975409583335,1070.5071073749994,1010.399549,1110.144209,29.05020125273584,16.34370231532528,16.284248070562267,294.07020948180707,1121.045005,1171.171154,699.9966185302955,531.2816076240168,1094.4542353852157
2022-06-06T16:00:00Z,2022-06-09T16:00:00Z,72,train,1188.158464,2022-06-09,17,3,0,0,0,0,0,1110.144209,1102.689134,1079.81006,1070.852729,1043.181904,1090.776559,1078.942124,1098.498503,1051.551581,1086.0077333333334,1076.0560709166668,1065.9882227083333,1059.9975409583335,1070.5071073749994,1010.399549,1110.144209,29.05020125273584,16.34370231532528,16.284248070562267,294.07020948180707,1151.33163,1170.369826,700.9137562015319,524.2195253992813,1095.371373056452
2022-06-06T16:00:00Z,2022-06-10T16:00:00Z,96,train,1162.629353,2022-06-10,17,4,0,0,0,0,0,1110.144209,1102.689134,1079.81006,1070.852729,1043.181904,1090.776559,1078.942124,1098.498503,1051.551581,1086.0077333333334,1076.0560709166668,1065.9882227083333,1059.9975409583335,1070.5071073749994,1010.399549,1110.144209,29.05020125273584,16.34370231532528,16.284248070562267,294.07020948180707,1188.158464,1098.498503,696.1612899952393,460.1339548081391,1090.6189068501594
2022-06-06T16:00:00Z,2022-06-11T16:00:00Z,120,train,1122.433415,2022-06-11,17,5,1,0,0,0,0,1110.144209,1102.689134,1079.81006,1070.852729,1043.181904,1090.776559,1078.942124,1098.498503,1051.551581,1086.0077333333334,1076.0560709166668,1065.9882227083333,1059.9975409583335,1070.5071073749994,1010.399549,1110.144209,29.05020125273584,16.34370231532528,16.284248070562267,294.07020948180707,1162.629353,1078.942124,684.6529553585282,453.9176284307695,1079.1105722134484
2022-06-06T16:00:00Z,2022-06-12T16:00:00Z,144,train,1061.586976,2022-06-12,17,6,1,0,0,0,0,1110.144209,1102.689134,1079.81006,1070.852729,1043.181904,1090.776559,1078.942124,1098.498503,1051.551581,1086.0077333333334,1076.0560709166668,1065.9882227083333,1059.9975409583335,1070.5071073749994,1010.399549,1110.144209,29.05020125273584,16.34370231532528,16.284248070562267,294.07020948180707,1122.433415,1090.776559,686.2931297359137,460.4141581164125,1080.7507465908338
2022-06-06T16:00:00Z,2022-06-13T16:00:00Z,168,train,1141.867606,2022-06-13,17,0,0,0,0,0,0,1110.144209,1102.689134,1079.81006,1070.852729,1043.181904,1090.776559,1078.942124,1098.498503,1051.551581,1086.0077333333334,1076.0560709166668,1065.9882227083333,1059.9975409583335,1070.5071073749994,1010.399549,1110.144209,29.05020125273584,16.34370231532528,16.284248070562267,294.07020948180707,1061.586976,1114.844338,694.1184316654252,519.8650133899998,1088.5760485203455
2022-06-06T17:00:00Z,2022-06-06T18:00:00Z,1,train,1083.373196,2022-06-06,19,0,0,1,0,0,0,1114.844338,1110.144209,1102.689134,1084.036344,1048.909741,1102.8686,1074.807418,1096.889349,1033.025451,1093.3396681666666,1082.027940416667,1066.9910468333333,1060.7455037500001,1070.8838499761896,1010.399549,1114.844338,30.278060857969994,15.332428886438827,16.114885336273513,152.89980154354987,1089.794161,1004.15591,687.4268026207732,512.8223794500002,1082.8872436006932
2022-06-06T17:00:00Z,2022-06-06T20:00:00Z,3,train,1077.438443,2022-06-06,21,0,0,1,0,0,0,1114.844338,1110.144209,1102.689134,1084.036344,1048.909741,1102.8686,1074.807418,1096.889349,1033.025451,1093.3396681666666,1082.027940416667,1066.9910468333333,1060.7455037500001,1070.8838499761896,1010.399549,1114.844338,30.278060857969994,13.858218302094794,17.030942668136742,46.321455347299036,1089.798083,970.535722,667.3172306273747,493.3664454800011,1062.777671607295
